Acanthisitta_chloris	2
Actinodura_nipalensis	1
Minla_strigula	1
Minla_ignotincta	1
Actinodura_ramsayi	1
Actinodura_egertoni	1
Minla_cyanouroptera	1
Liocichla_phoenicea	1
Liocichla_omeiensis	1
Liocichla_steerii	1
Leiothrix_lutea	1
Leiothrix_argentauris	1
Heterophasia_melanoleuca	1
Heterophasia_capistrata	1
Garrulax_cineraceus	1
Garrulax_maximus	1
Garrulax_ocellatus	1
Garrulax_leucolophus	1
Garrulax_canorus	1
Garrulax_taewanus	1
Babax_lanceolatus	1
Garrulax_mitratus	1
Garrulax_sannio	1
Garrulax_perspicillatus	1
Garrulax_chinensis	1
Garrulax_pectoralis	1
Garrulax_davidi	1
Garrulax_albogularis	1
Garrulax_poecilorhynchus	1
Garrulax_vassali	1
Kupeornis_gilberti	1
Phyllanthus_atripennis	1
Turdoides_plebejus	1
Turdoides_jardineii	(1 2)
Turdoides_bicolor	1
Turdoides_rubiginosa	1
Garrulax_morrisonianus	1
Garrulax_elliotii	1
Garrulax_affinis	1
Garrulax_variegatus	1
Garrulax_milnei	1
Garrulax_erythrocephalus	1
Garrulax_lineatus	1
Garrulax_subunicolor	1
Garrulax_squamatus	1
Cutia_nipalensis	1
Napothera_epilepidota	(0 1)
Napothera_brevicaudata	0
Napothera_crassa	1
Malacocincla_abbotti	1
Illadopsis_puveli	1
Illadopsis_cleaveri	1
Illadopsis_albipectus	1
Illadopsis_fulvescens	1
Illadopsis_pyrrhoptera	1
Illadopsis_rufipennis	1
Kenopia_striata	1
Pellorneum_tickelli	(0 1)
Trichastoma_bicolor	1
Pellorneum_ruficeps	(0 1)
Pellorneum_capistratum	1
Malacocincla_malaccensis	1
Malacopteron_magnirostre	1
Malacopteron_cinereum	1
Schoeniparus_brunnea	0
Schoeniparus_dubia	0
Schoeniparus_rufogularis	0
Schoeniparus_cinerea	(0 1)
Schoeniparus_castaneceps	0
Gampsorhynchus_rufulus	1
Turdinus_macrodactylus	1
Graminicola_bengalensis	1
Alcippe_poioicephala	1
Alcippe_grotei	1
Alcippe_morrisonia	1
Alcippe_peracensis	1
Macronous_ptilosus	(0 1)
Stachyridopsis_rufifrons	(0 1)
Stachyridopsis_ruficeps	(0 1)
Stachyris_erythroptera	0
Stachyridopsis_chrysaea	0
Macronous_striaticeps	0
Dumetia_hyperythra	0
Timalia_pileata	(0 1)
Macronous_gularis	0
Pomatorhinus_ochraceiceps	0
Pomatorhinus_ferruginosus	0
Pomatorhinus_schisticeps	0
Pomatorhinus_ruficollis	0
Pomatorhinus_montanus	0
Xiphirhynchus_superciliaris	0
Stachyris_nigriceps	(0 1)
Stachyris_poliocephala	(0 1)
Stachyris_striolata	(0 1)
Pomatorhinus_erythrogenys	0
Pomatorhinus_hypoleucos	0
Spelaeornis_chocolatinus	1
Chlorocharis_emiliae	1
Zosterops_chloris	1
Zosterops_atrifrons	1
Zosterops_borbonicus	1
Zosterops_pallidus	1
Zosterops_senegalensis	1
Zosterops_modestus	1
Zosterops_maderaspatanus	1
Zosterops_lugubris	1
Zosterops_palpebrosus	1
Zosterops_mouroniensis	1
Zosterops_rennellianus	1
Zosterops_griseotinctus	1
Zosterops_murphyi	1
Zosterops_fuscicapilla	1
Zosterops_flavifrons	1
Woodfordia_superciliosa	1
Zosterops_cinereus	1
Zosterops_metcalfii	1
Zosterops_luteus	1
Zosterops_citrinella	1
Zosterops_abyssinicus	1
Zosterops_japonicus	1
Zosterops_poliogastrus	1
Lophozosterops_javanicus	1
Lophozosterops_superciliaris	1
Zosterornis_latistriatus	1
Cleptornis_marchei	1
Sterrhoptilus_dennistouni	1
Yuhina_flavicollis	1
Yuhina_bakeri	(0 1)
Yuhina_gularis	0
Yuhina_occipitalis	1
Yuhina_nigrimenta	1
Yuhina_brunneiceps	1
Yuhina_castaniceps	1
Yuhina_everetti	1
Yuhina_diademata	1
Parisoma_subcaeruleum	1
Sylvia_conspicillata	1
Sylvia_undata	1
Sylvia_deserticola	1
Sylvia_balearica	1
Sylvia_sarda	1
Sylvia_communis	1
Sylvia_cantillans	1
Sylvia_mystacea	1
Sylvia_rueppelli	1
Sylvia_melanothorax	1
Sylvia_melanocephala	1
Sylvia_leucomelaena	1
Parisoma_lugens	1
Sylvia_buryi	1
Sylvia_hortensis	1
Sylvia_curruca	1
Parisoma_layardi	1
Parisoma_boehmi	1
Sylvia_nisoria	1
Sylvia_nana	1
Sylvia_borin	1
Parophasma_galinieri	1
Lioptilus_nigricapillus	1
Pseudoalcippe_abyssinica	1
Horizorhinus_dohrni	1
Sylvia_atricapilla	1
Chrysomma_sinense	1
Fulvetta_striaticollis	1
Fulvetta_vinipectus	1
Fulvetta_cinereiceps	1
Rhopophilus_pekinensis	1
Paradoxornis_nipalensis	1
Paradoxornis_davidianus	1
Paradoxornis_webbianus	1
Paradoxornis_alphonsianus	1
Paradoxornis_gularis	1
Paradoxornis_guttaticollis	1
Chamaea_fasciata	1
Lioparus_chrysotis	(0 1)
Myzornis_pyrrhouraB	0
Pycnonotus_brunneus	1
Pycnonotus_plumosus	1
Pycnonotus_simplex	1
Pycnonotus_taivanus	1
Pycnonotus_sinensis	1
Pycnonotus_xanthorrhous	1
Pycnonotus_jocosus	1
Pycnonotus_nigricans	1
Pycnonotus_barbatus	1
Pycnonotus_capensis	1
Pycnonotus_leucogenys	1
Pycnonotus_xanthopygos	1
Pycnonotus_cafer	1
Pycnonotus_goiavier	1
Pycnonotus_flavescens	1
Pycnonotus_zeylanicus	1
Pycnonotus_finlaysoni	1
Spizixos_semitorques	1
Pycnonotus_erythropthalmos	1
Pycnonotus_cyaniventris	1
Pycnonotus_melanicterus	1
Pycnonotus_melanoleucus	1
Pycnonotus_eutilotus	1
Pycnonotus_atriceps	1
Pycnonotus_urostictus	1
Alophoixus_pallidus	1
Alophoixus_ochraceus	1
Alophoixus_flaveolus	1
Alophoixus_bres	1
Iole_propinqua	1
Hypsipetes_olivaceus	1
Hypsipetes_borbonicus	1
Hypsipetes_leucocephalus	1
Hypsipetes_parvirostris	1
Hypsipetes_crassirostris	1
Hypsipetes_amaurotis	1
Hypsipetes_philippinus	1
Hemixos_cinereus	1
Hemixos_flavala	1
Hemixos_castanonotus	1
Ixos_mcclellandii	1
Ixos_malaccensis	1
Baeopogon_clamans	1
Baeopogon_indicator	1
Chlorocichla_flaviventris	1
Thescelocichla_leucopleura	1
Ixonotus_guttatus	1
Atimastillas_flavicollis	1
Arizelocichla_milanjensis	1
Arizelocichla_nigriceps	1
Arizelocichla_masukuensis	1
Arizelocichla_tephrolaemus	1
Bleda_notatus	1
Bleda_canicapillus	1
Bleda_syndactylus	1
Phyllastrephus_flavostriatus	1
Phyllastrephus_poensis	1
Phyllastrephus_cabanisi	1
Phyllastrephus_cerviniventris	1
Phyllastrephus_terrestris	1
Phyllastrephus_scandens	1
Phyllastrephus_debilis	1
Phyllastrephus_icterinus	1
Phyllastrephus_albigularis	1
Phyllastrephus_xavieri	1
Eurillas_latirostris	1
Eurillas_virens	1
Eurillas_gracilis	1
Criniger_chloronotus	1
Criniger_calurus	1
Andropadus_importunus	1
Stelgidillas_gracilirostris	1
Calyptocichla_serina	1
Pnoepyga_pusilla	0
Pnoepyga_albiventer	0
Riparia_riparia	2
Riparia_diluta	2
Riparia_paludicola	2
Tachycineta_thalassina	2
Tachycineta_cyaneoviridis	2
Tachycineta_euchrysea	2
Tachycineta_bicolor	2
Tachycineta_leucorrhoa	2
Tachycineta_meyeni	2
Tachycineta_stolzmanni	2
Tachycineta_albiventer	2
Tachycineta_albilinea	2
Stelgidopteryx_serripennis	2
Stelgidopteryx_ruficollis	2
Progne_dominicensis	2
Progne_cryptoleuca	2
Progne_chalybea	2
Progne_modesta	2
Progne_elegans	2
Progne_subis	2
Progne_tapera	2
Orochelidon_andecola	2
Orochelidon_murina	2
Orochelidon_flavipes	2
Alopochelidon_fucata	2
Pygochelidon_melanoleuca	2
Pygochelidon_cyanoleuca	2
Atticora_pileata	2
Atticora_tibialis	2
Atticora_fasciata	2
Phedina_brazzae	2
Riparia_cincta	2
Phedina_borbonica	2
Delichon_dasypus	(0 1)
Delichon_nipalense	0
Delichon_urbicum	0
Cecropis_daurica	0
Cecropis_striolata	0
Cecropis_abyssinica	0
Petrochelidon_rufocollaris	0
Cecropis_semirufa	0
Petrochelidon_pyrrhonota	(0 2)
Petrochelidon_fulva	(0 1)
Petrochelidon_preussi	0
Petrochelidon_rufigula	0
Petrochelidon_nigricans	2
Petrochelidon_ariel	0
Petrochelidon_spilodera	0
Hirundo_atrocaerulea	1
Hirundo_nigrorufa	1
Hirundo_tahitica	1
Hirundo_neoxena	1
Hirundo_nigrita	1
Hirundo_angolensis	1
Hirundo_lucida	1
Hirundo_aethiopica	1
Hirundo_rustica	(1 2)
Hirundo_smithii	1
Hirundo_albigularis	1
Hirundo_leucosoma	1
Cecropis_cucullata	0
Hirundo_megaensis	1
Hirundo_dimidiata	1
Ptyonoprogne_rupestris	1
Ptyonoprogne_fuligula	1
Ptyonoprogne_concolor	1
Pseudhirundo_griseopyga	2
Cheramoeca_leucosterna	2
Psalidoprocne_obscura	2
Psalidoprocne_fuliginosa	2
Psalidoprocne_pristoptera	2
Psalidoprocne_albiceps	2
Psalidoprocne_nitens	2
Pseudochelidon_eurystomina	2
Phylloscopus_fuscatus	0
Phylloscopus_sindianus	0
Phylloscopus_collybita	0
Phylloscopus_trochilus	0
Phylloscopus_subaffinis	0
Phylloscopus_griseolus	0
Phylloscopus_affinis	0
Phylloscopus_schwarzi	0
Phylloscopus_tytleri	0
Phylloscopus_bonelli	0
Phylloscopus_sibilatrix	0
Phylloscopus_orientalis	0
Phylloscopus_pulcher	0
Phylloscopus_chloronotus	0
Phylloscopus_proregulus	0
Phylloscopus_inornatus	0
Phylloscopus_humei	0
Phylloscopus_yunnanensis	0
Seicercus_whistleri	0
Seicercus_poliogenys	0
Seicercus_affinis	0
Seicercus_tephrocephalus	0
Seicercus_castaniceps	0
Seicercus_montis	0
Phylloscopus_borealis	0
Phylloscopus_magnirostris	0
Phylloscopus_tenellipes	0
Phylloscopus_nitidus	0
Phylloscopus_plumbeitarsus	0
Phylloscopus_reguloides	0
Phylloscopus_trivirgatus	0
Phylloscopus_poliocephalus	0
Phylloscopus_xanthoschistos	0
Phylloscopus_davisoni	0
Phylloscopus_hainanus	0
Phylloscopus_cantator	0
Phylloscopus_coronatus	0
Phylloscopus_occipitalis	0
Phylloscopus_laetus	0
Phylloscopus_umbrovirens	0
Phylloscopus_ruficapilla	0
Urosphena_squameiceps	1
Cettia_cetti	1
Cettia_acanthizoides	(0 1)
Cettia_flavolivacea	0
Cettia_fortipes	0
Cettia_vulcania	0
Cettia_ruficapilla	0
Cettia_annae	0
Cettia_diphone	0
Cettia_brunnifrons	0
Tickellia_hodgsoni	0
Abroscopus_albogularis	0
Abroscopus_schisticeps	1
Abroscopus_superciliaris	1
Scotocerca_inquieta	0
Sylvietta_virens	1
Sylvietta_brachyura	2
Sylvietta_rufescens	2
Aegithalos_niveogularis	0
Aegithalos_bonvaloti	0
Aegithalos_caudatus	0
Aegithalos_iouschistos	0
Aegithalos_leucogenys	0
Aegithalos_concinnus	0
Psaltriparus_minimus	0
Leptopoecile_sophiae	0
Pholidornis_rushiae	0
Hylia_prasina	0
Erythrocercus_mccallii	0
Artisornis_metopias	1
Apalis_pulchra	0
Apalis_ruwenzorii	0
Schistolais_leucopogon	1
Camaroptera_chloronota	1
Camaroptera_brachyura	0
Eremomela_gregalis	1
Spiloptila_clamans	1
Apalis_cinerea	0
Apalis_melanocephala	0
Apalis_binotata	0
Apalis_flavida	0
Apalis_jacksoni	1
Apalis_thoracica	0
Cisticola_anonymus	0
Cisticola_fulvicapilla	0
Cisticola_cherina	0
Cisticola_cantans	1
Cisticola_galactotes	0
Cisticola_juncidis	0
Euryptila_subcinnamomea	0
Hypergerus_atriceps	0
Eminia_lepida	0
Bathmocercus_rufus	0
Incana_incanus	0
Prinia_erythroptera	0
Prinia_subflava	0
Prinia_bairdii	0
Prinia_atrogularis	0
Prinia_familiaris	0
Prinia_crinigera	0
Orthotomus_atrogularis	1
Orthotomus_sericeus	1
Orthotomus_sutorius	1
Neomixis_tenella	0
Neomixis_striatigula	0
Acrocephalus_paludicola	1
Acrocephalus_bistrigiceps	1
Acrocephalus_melanopogon	1
Acrocephalus_schoenobaenus	1
Acrocephalus_aequinoctialis	1
Acrocephalus_australis	1
Acrocephalus_mendanae	1
Acrocephalus_kerearako	1
Acrocephalus_caffer	1
Acrocephalus_vaughani	1
Acrocephalus_taiti	1
Acrocephalus_atyphus	1
Acrocephalus_familiaris	1
Acrocephalus_stentoreus	1
Acrocephalus_orientalis	1
Acrocephalus_arundinaceus	1
Acrocephalus_gracilirostris	1
Acrocephalus_rufescens	1
Acrocephalus_newtoni	1
Acrocephalus_sechellensis	1
Acrocephalus_scirpaceus	1
Acrocephalus_baeticatus	1
Acrocephalus_palustris	1
Acrocephalus_dumetorum	1
Acrocephalus_agricola	1
Acrocephalus_concinens	1
Hippolais_rama	1
Hippolais_caligata	1
Chloropeta_natalensis	1
Chloropeta_similis	1
Hippolais_pallida	1
Hippolais_opaca	1
Acrocephalus_aedon	1
Hippolais_icterina	1
Hippolais_polyglotta	1
Hippolais_languida	1
Hippolais_olivetorum	1
Nesillas_typica	1
Locustella_ochotensis	1
Locustella_certhiola	1
Megalurus_pryeri	1
Locustella_fasciolata	1
Bradypterus_thoracicus	(0 1)
Bradypterus_davidi	0
Bradypterus_alishanensis	1
Bradypterus_luteoventris	(0 1)
Locustella_naevia	1
Bradypterus_major	1
Bradypterus_tacsanowskius	1
Locustella_luscinioides	1
Locustella_fluviatilis	1
Locustella_lanceolata	1
Megalurus_gramineus	0
Bradypterus_baboecala	1
Bradypterus_barratti	1
Bradypterus_sylvaticus	1
Bradypterus_cinnamomeus	1
Bradypterus_lopezi	1
Schoenicola_brevirostris	1
Cincloramphus_mathewsi	0
Megalurus_palustris	0
Eremiornis_carteri	1
Megalurus_punctatus	1
Megalurus_timoriensis	0
Cincloramphus_cruralis	1
Donacobius_atricapilla	1
Xanthomixis_zosterops	1
Xanthomixis_cinereiceps	1
Crossleyia_xanthophrys	1
Hartertula_flavoviridis	0
Oxylabes_madagascariensis	1
Thamnornis_chloropetoides	1
Melocichla_mentalis	1
Achaetops_pycnopygius	1
Sphenoeacus_afer	1
Sylvietta_leucophrys	1
Sylvietta_whytii	2
Cryptillas_victorini	1
Sylvietta_denti	1
Nicator_chloris	1
Nicator_vireo	1
Ammomanes_deserti	1
Certhilauda_benguelensis	1
Certhilauda_subcoronata	1
Certhilauda_brevirostris	1
Certhilauda_semitorquata	1
Certhilauda_chuana	1
Ammomanopsis_grayi	(0 1)
Chersomanes_albofasciata	1
Alaemon_alaudipes	1
Calendulauda_burra	0
Calendulauda_barlowi	0
Calendulauda_erythrochlamys	0
Calendulauda_albescens	0
Calendulauda_sabota	0
Alauda_gulgula	1
Alauda_arvensis	1
Galerida_cristata	1
Galerida_malabarica	1
Galerida_theklae	1
Galerida_magnirostris	1
Lullula_arborea	1
Melanocorypha_calandra	1
Melanocorypha_bimaculata	1
Calandrella_brachydactyla	1
Spizocorys_starki	1
Spizocorys_sclateri	1
Eremophila_alpestris	(1 2)
Eremophila_bilopha	1
Calandrella_acutirostris	1
Calandrella_rufescens	1
Eremalauda_dunni	1
Chersophilus_duponti	1
Eremopterix_australis	1
Mirafra_africana	0
Mirafra_passerina	0
Mirafra_javanica	(0 1)
Ammomanes_phoenicura	1
Ammomanes_cinctura	1
Eremopterix_nigriceps	1
Eremopterix_verticalis	1
Panurus_biarmicus	1
Poecile_rufescens	2
Poecile_hudsonicus	2
Poecile_cinctus	2
Poecile_sclateri	2
Poecile_gambeli	2
Poecile_atricapillus	2
Poecile_carolinensis	2
Poecile_montanus	2
Poecile_palustris	2
Poecile_davidi	2
Poecile_superciliosus	2
Sittiparus_varius	2
Poecile_lugubris	2
Baeolophus_bicolor	2
Pardaliparus_venustulus	2
Pardaliparus_elegans	2
Periparus_ater	2
Periparus_rubidiventris	2
Periparus_rufonuchalis	2
Baeolophus_inornatus	2
Baeolophus_ridgwayi	2
Baeolophus_atricristatus	2
Baeolophus_wollweberi	2
Lophophanes_cristatus	2
Lophophanes_dichrous	2
Melaniparus_niger	2
Melaniparus_albiventris	2
Melaniparus_rufiventris	2
Melaniparus_funereus	2
Macholophus_holsti	2
Parus_spilonotus	2
Parus_xanthogenys	2
Melaniparus_afer	2
Pseudopodoces_humilis	2
Parus_major	2
Parus_bokharensis	2
Parus_monticolus	2
Melanochlora_sultanea	2
Sylviparus_modestus	2
Auriparus_flaviceps	0
Anthoscopus_minutus	0
Remiz_consobrinus	0
Remiz_pendulinus	0
Elminia_longicauda	1
Elminia_albicauda	1
Elminia_albiventris	1
Elminia_albonotata	1
Elminia_nigromitrata	1
Culicicapa_ceylonensis	1
Stenostira_scita	1
Chelidorhynx_hypoxantha	1
Hyliota_flavigaster	1
Cercomela_sordida	1
Myrmecocichla_melaena	2
Myrmecocichla_arnotti	2
Myrmecocichla_nigra	2
Myrmecocichla_aethiops	2
Oenanthe_monticola	1
Thamnolaea_cinnamomeiventris	(0 2)
Saxicola_bifasciatus	2
Cercomela_sinuata	2
Cercomela_tractrac	1
Cercomela_schlegelii	1
Oenanthe_isabellina	2
Oenanthe_bottae	2
Oenanthe_pileata	2
Oenanthe_oenanthe	2
Oenanthe_cypriaca	2
Oenanthe_pleschanka	2
Oenanthe_hispanica	2
Oenanthe_deserti	2
Oenanthe_monacha	1
Cercomela_scotocerca	2
Cercomela_melanura	1
Cercomela_familiaris	2
Oenanthe_moesta	2
Oenanthe_lugens	2
Oenanthe_chrysopygia	2
Oenanthe_finschii	2
Oenanthe_albonigra	1
Oenanthe_leucopyga	(1 2)
Oenanthe_leucura	(1 2)
Cercomela_fusca	2
Oenanthe_picata	2
Myrmecocichla_albifrons	2
Oenanthe_phillipsi	1
Saxicola_ferreus	2
Saxicola_jerdoni	1
Saxicola_dacotiae	1
Saxicola_tectes	2
Saxicola_leucurus	1
Saxicola_torquatus	1
Saxicola_caprata	2
Saxicola_insignis	2
Saxicola_rubetra	1
Monticola_angolensis	(1 2)
Monticola_rupestris	2
Thamnolaea_semirufa	2
Monticola_solitarius	2
Monticola_saxatilis	(1 2)
Monticola_brevipes	(1 2)
Monticola_erythronota	2
Monticola_sharpei	(1 2)
Monticola_bensoni	(1 2)
Monticola_explorator	1
Monticola_rufiventris	2
Monticola_gularis	2
Monticola_cinclorhynchus	(1 2)
Phoenicurus_leucocephalus	2
Phoenicurus_fuliginosus	2
Phoenicurus_erythrogastrus	2
Phoenicurus_hodgsoni	2
Phoenicurus_ochruros	1
Phoenicurus_phoenicurus	2
Phoenicurus_auroreus	2
Phoenicurus_moussieri	(1 2)
Phoenicurus_erythronotus	1
Phoenicurus_schisticeps	2
Phoenicurus_caeruleocephala	1
Phoenicurus_frontalis	2
Brachypteryx_leucophrys	0
Brachypteryx_montana	0
Larvivora_brunnea	(1 2)
Larvivora_akahige	(1 2)
Larvivora_komadori	2
Larvivora_sibilans	2
Tarsiger_indicus	2
Tarsiger_chrysaeus	2
Tarsiger_johnstoniae	1
Tarsiger_cyanurus	2
Ficedula_hyperythra	2
Ficedula_dumetoria	0
Monticola_rufocinereus	2
Ficedula_mugimaki	1
Ficedula_hodgsonii	(1 2)
Ficedula_zanthopygia	2
Ficedula_narcissina	2
Ficedula_westermanni	1
Ficedula_superciliaris	2
Ficedula_sapphira	2
Ficedula_albicollis	2
Ficedula_hypoleuca	2
Ficedula_semitorquata	2
Ficedula_parva	(0 2)
Ficedula_subrubra	2
Ficedula_tricolor	(1 2)
Ficedula_strophiata	1
Cinclidium_diana	0
Cinclidium_leucurum	(0 1)
Enicurus_leschenaulti	1
Enicurus_maculatus	1
Enicurus_ruficapillus	1
Enicurus_schistaceus	(0 1)
Enicurus_scouleri	2
Myophonus_melanurus	1
Myophonus_glaucinus	2
Myophonus_caeruleus	(1 2)
Calliope_pectoralis	0
Calliope_calliope	(0 1)
Cossypha_anomala	1
Cossypha_archeri	1
Cossypha_caffra	2
Cossypha_polioptera	2
Sheppardia_bocagei	2
Sheppardia_sharpei	1
Sheppardia_gunningi	0
Sheppardia_cyornithopsis	0
Sheppardia_aequatorialis	1
Stiphrornis_erythrothorax	1
Cichladusa_guttata	1
Pogonocichla_stellata	0
Cossypha_isabellae	0
Swynnertonia_swynnertoni	(1 2)
Cossypha_cyanocampter	1
Cossypha_niveicapilla	(1 2)
Cossypha_semirufa	(1 2)
Cossypha_dichroa	2
Cossypha_heuglini	2
Cossypha_albicapilla	2
Pseudalethe_choloensis	1
Pseudalethe_fuelleborni	1
Pseudalethe_poliophrys	(1 2)
Pseudalethe_poliocephala	(1 2)
Erithacus_rubecula	2
Cossypha_humeralis	2
Niltava_sundara	2
Niltava_grandis	(0 2)
Niltava_macgrigoriae	2
Anthipes_monileger	0
Cyornis_umbratilis	1
Cyornis_poliogenys	2
Cyornis_banyumas	(1 2)
Cyornis_rubeculoides	2
Cyornis_rufigastra	1
Cyornis_unicolor	2
Cyornis_concretus	2
Eumyias_thalassinus	2
Eumyias_indigo	2
Cyanoptila_cyanomelana	2
Brachypteryx_major	2
Copsychus_albospecularis	2
Copsychus_saularis	2
Copsychus_sechellarum	2
Copsychus_fulicatus	2
Cercotrichas_paena	1
Cercotrichas_leucophrys	1
Cercotrichas_hartlaubi	1
Cercotrichas_podobe	(1 2)
Cercotrichas_galactotes	(1 2)
Copsychus_luzoniensis	2
Copsychus_malabaricus	2
Cercotrichas_quadrivirgata	(1 2)
Cercotrichas_leucosticta	2
Cercotrichas_barbata	2
Cercotrichas_coryphaeus	(1 2)
Muscicapa_aquatica	2
Muscicapa_cassini	(1 2)
Muscicapa_gambagae	(1 2)
Muscicapa_striata	(1 2)
Muscicapa_adusta	1
Muscicapa_sethsmithi	1
Muscicapa_sibirica	1
Muscicapa_ferruginea	1
Muscicapa_griseisticta	1
Muscicapa_dauurica	1
Muscicapa_muttui	1
Bradornis_microrhynchus	1
Muscicapa_infuscata	1
Namibornis_herero	1
Fraseria_ocreata	2
Myioparus_plumbeus	2
Muscicapa_caerulescens	1
Fraseria_cinerascens	2
Empidornis_semipartitus	0
Sigelus_silens	1
Bradornis_mariquensis	1
Melaenornis_edolioides	1
Bradornis_infuscatus	1
Bradornis_pallidus	1
Alethe_castanea	2
Alethe_diademata	(1 2)
Luscinia_phaenicuroides	1
Luscinia_svecica	1
Irania_gutturalis	2
Luscinia_luscinia	1
Luscinia_megarhynchos	(0 1)
Cyanistes_caeruleus	2
Cinclus_mexicanus	0
Cinclus_pallasii	0
Cinclus_cinclus	2
Muscicapella_hodgsoni	1
Turdus_lherminieri	1
Turdus_libonyanus	1
Turdus_bewsheri	1
Turdus_migratorius	1
Turdus_nigrescens	1
Turdus_infuscatus	1
Turdus_falcklandii	1
Turdus_aurantius	1
Turdus_plumbeus	1
Turdus_pelios	1
Turdus_olivaceofuscus	1
Turdus_jamaicensis	1
Turdus_menachensis	1
Turdus_swalesi	1
Turdus_ruficollis	1
Turdus_torquatus	1
Turdus_rubrocanus	1
Turdus_albocinctus	1
Turdus_kessleri	1
Turdus_maximus	1
Turdus_pilaris	1
Turdus_poliocephalus	1
Turdus_chrysolaus	1
Turdus_celaenops	1
Turdus_pallidus	1
Turdus_feae	1
Turdus_obscurus	1
Turdus_cardis	1
Turdus_hortulorum	(1 2)
Turdus_dissimilis	1
Turdus_unicolor	(1 2)
Turdus_boulboul	1
Turdus_simillimus	1
Turdus_helleri	1
Turdus_tephronotus	1
Turdus_olivaceus	1
Turdus_plebejus	1
Turdus_iliacus	1
Turdus_merula	1
Turdus_rufiventris	1
Turdus_grayi	(1 2)
Turdus_maculirostris	1
Turdus_nudigenis	1
Turdus_obsoletus	1
Nesocichla_eremita	1
Turdus_ignobilis	1
Turdus_amaurochalinus	1
Turdus_olivater	1
Turdus_chiguanco	1
Turdus_serranus	1
Turdus_fuscater	1
Turdus_nigriceps	1
Turdus_flavipes	1
Turdus_reevei	1
Turdus_lawrencii	1
Turdus_albicollis	(1 2)
Turdus_hauxwelli	1
Turdus_fumigatus	1
Turdus_leucomelas	1
Turdus_rufopalliatus	1
Turdus_leucops	1
Turdus_viscivorus	1
Turdus_philomelos	1
Turdus_mupinensis	1
Psophocichla_litsipsirupa	1
Zoothera_spiloptera	1
Zoothera_guttata	1
Zoothera_interpres	1
Zoothera_citrina	1
Zoothera_princei	1
Zoothera_camaronensis	1
Zoothera_oberlaenderi	1
Zoothera_piaggiae	1
Zoothera_gurneyi	1
Zoothera_wardii	1
Zoothera_sibirica	1
Zoothera_mollissima	1
Zoothera_dixoni	1
Zoothera_talaseae	1
Zoothera_heinei	1
Zoothera_lunulata	1
Zoothera_dauma	1
Zoothera_andromedae	1
Zoothera_marginata	1
Zoothera_monticola	1
Cochoa_viridis	1
Chlamydochaera_jefferyi	1
Entomodestes_coracinus	1
Cichlopsis_leucogenys	1
Catharus_occidentalis	1
Catharus_guttatus	1
Catharus_frantzii	1
Catharus_minimus	1
Catharus_fuscescens	1
Catharus_bicknelli	1
Catharus_gracilirostris	1
Catharus_ustulatus	1
Catharus_fuscater	1
Catharus_aurantiirostris	1
Catharus_mexicanus	1
Ridgwayia_pinicola	1
Hylocichla_mustelina	1
Ixoreus_naevius	1
Neocossyphus_fraseri	2
Neocossyphus_rufus	2
Myadestes_obscurus	(1 2)
Myadestes_elisabeth	2
Myadestes_genibarbis	2
Myadestes_melanops	2
Myadestes_ralloides	1
Myadestes_occidentalis	1
Myadestes_unicolor	1
Myadestes_townsendi	1
Sialia_currucoides	2
Sialia_sialis	2
Sialia_mexicana	2
Streptocitta_albicollis	2
Sarcops_calvus	2
Basilornis_mirandus	2
Ampeliceps_coronatus	2
Gracula_ptilogenys	2
Gracula_religiosa	2
Mino_kreffti	2
Mino_dumontii	2
Mino_anais	2
Scissirostrum_dubium	2
Enodes_erythrophris	2
Aplonis_grandis	0
Aplonis_brunneicapillus	0
Aplonis_metallica	0
Aplonis_pelzelni	2
Aplonis_insularis	2
Aplonis_tabuensis	2
Aplonis_cinerascens	2
Aplonis_panayensis	2
Aplonis_minor	2
Aplonis_cantoroides	2
Rhabdornis_mystacalis	2
Rhabdornis_inornatus	2
Spreo_albicapillus	0
Spreo_fischeri	0
Spreo_bicolor	2
Lamprotornis_pulcher	0
Lamprotornis_superbus	(0 2)
Lamprotornis_splendidus	2
Lamprotornis_ornatus	2
Lamprotornis_regius	2
Lamprotornis_nitens	2
Lamprotornis_chalcurus	2
Lamprotornis_purpureus	2
Lamprotornis_iris	2
Lamprotornis_chalybaeus	2
Lamprotornis_chloropterus	2
Lamprotornis_acuticaudus	2
Spreo_unicolor	2
Lamprotornis_mevesii	2
Lamprotornis_australis	2
Lamprotornis_caudatus	2
Lamprotornis_purpuroptera	2
Lamprotornis_hildebrandti	2
Lamprotornis_shelleyi	2
Lamprotornis_corruscus	2
Lamprotornis_purpureiceps	2
Lamprotornis_cupreocauda	2
Poeoptera_stuhlmanni	2
Poeoptera_kenricki	2
Poeoptera_lugubris	2
Pholia_femoralis	2
Pholia_sharpii	2
Speculipastor_bicolor	2
Neocichla_gutturalis	2
Saroglossa_spiloptera	2
Onychognathus_salvadorii	2
Onychognathus_blythii	2
Onychognathus_frater	2
Onychognathus_tristramii	2
Onychognathus_fulgidus	2
Onychognathus_walleri	2
Onychognathus_albirostris	2
Onychognathus_morio	1
Onychognathus_nabouroup	1
Onychognathus_tenuirostris	(1 2)
Cinnyricinclus_leucogaster	2
Saroglossa_aurata	2
Gracupica_nigricollis	0
Gracupica_contra	0
Sturnia_philippensis	2
Sturnia_sturnina	2
Sturnia_albofrontata	2
Sturnia_sinensis	2
Sturnia_malabarica	2
Sturnia_erythropygia	2
Temenuchus_pagodarum	2
Leucopsar_rothschildi	2
Acridotheres_javanicus	2
Acridotheres_fuscus	2
Acridotheres_cinereus	2
Acridotheres_cristatellus	2
Acridotheres_grandis	2
Acridotheres_albocinctus	2
Acridotheres_burmannicus	2
Acridotheres_melanopterus	2
Acridotheres_tristis	2
Acridotheres_ginginianus	2
Sturnus_sericeus	2
Sturnus_cineraceus	2
Creatophora_cinerea	0
Pastor_roseus	(1 2)
Sturnus_vulgaris	2
Sturnus_unicolor	2
Mimus_macdonaldi	1
Mimus_melanotis	1
Mimus_parvulus	1
Mimus_trifasciatus	1
Mimus_polyglottos	1
Mimus_gilvus	1
Mimus_graysoni	1
Mimus_longicaudatus	1
Mimus_dorsalis	1
Mimus_triurus	1
Mimus_saturninus	1
Mimus_thenca	1
Mimus_patagonicus	1
Mimus_gundlachii	1
Oreoscoptes_montanus	1
Toxostoma_curvirostre	1
Toxostoma_rufum	1
Toxostoma_longirostre	1
Toxostoma_ocellatum	1
Toxostoma_bendirei	1
Toxostoma_cinereum	1
Toxostoma_lecontei	1
Toxostoma_crissale	1
Toxostoma_redivivum	1
Margarops_fuscatus	(1 2)
Cinclocerthia_gutturalis	1
Cinclocerthia_ruficauda	1
Allenia_fusca	1
Ramphocinclus_brachyurus	1
Dumetella_carolinensis	1
Melanoptila_glabrirostris	1
Melanotis_caerulescens	1
Melanotis_hypoleucus	1
Buphagus_africanus	2
Buphagus_erythrorhynchus	2
Campylorhynchus_griseus	0
Campylorhynchus_chiapensis	0
Campylorhynchus_rufinucha	0
Campylorhynchus_jocosus	0
Campylorhynchus_gularis	0
Campylorhynchus_yucatanicus	0
Campylorhynchus_brunneicapillus	1
Campylorhynchus_megalopterus	0
Campylorhynchus_fasciatus	0
Campylorhynchus_albobrunneus	0
Campylorhynchus_zonatus	0
Campylorhynchus_nuchalis	0
Campylorhynchus_turdinus	2
Thryomanes_bewickii	2
Henicorhina_leucosticta	0
Thryothorus_ludovicianus	0
Troglodytes_ochraceus	2
Troglodytes_solstitialis	2
Troglodytes_rufociliatus	2
Troglodytes_musculus	2
Troglodytes_aedon	2
Troglodytes_sissonii	0
Troglodytes_brunneicollis	2
Thryorchilus_browni	2
Troglodytes_troglodytes	(0 2)
Cistothorus_platensis	0
Cistothorus_palustris	0
Cantorchilus_thoracicus	0
Cantorchilus_leucopogon	0
Cantorchilus_guarayanus	0
Cantorchilus_leucotis	0
Cantorchilus_longirostris	0
Cantorchilus_semibadius	0
Cantorchilus_nigricapillus	0
Cantorchilus_superciliaris	0
Cantorchilus_modestus	0
Pheugopedius_rutilus	0
Pheugopedius_maculipectus	0
Pheugopedius_felix	1
Pheugopedius_sclateri	0
Pheugopedius_fasciatoventris	0
Pheugopedius_mystacalis	0
Pheugopedius_genibarbis	0
Cyphorhinus_arada	0
Uropsila_leucogastra	2
Henicorhina_leucophrys	0
Thryophilus_sinaloa	0
Thryophilus_pleurostictus	0
Thryophilus_rufalbus	0
Catherpes_mexicanus	2
Salpinctes_obsoletus	(1 2)
Microcerculus_bambla	2
Polioptila_albiloris	1
Polioptila_nigriceps	1
Polioptila_californica	1
Polioptila_melanura	1
Polioptila_plumbea	1
Polioptila_caerulea	1
Polioptila_dumicola	1
Microbates_cinereiventris	1
Certhia_brachydactyla	2
Certhia_familiaris	2
Certhia_americana	2
Certhia_manipurensis	2
Certhia_himalayana	2
Tichodroma_muraria	2
Sitta_canadensis	2
Sitta_villosa	2
Sitta_whiteheadi	2
Sitta_krueperi	2
Sitta_ledanti	2
Sitta_pygmaea	2
Sitta_pusilla	2
Sitta_frontalis	2
Sitta_himalayensis	2
Sitta_europaea	2
Sitta_carolinensis	2
Sitta_neumayer	2
Sitta_tephronota	2
Salpornis_spilonotus	1
Bombycilla_japonica	1
Bombycilla_garrulus	1
Bombycilla_cedrorum	1
Ptilogonys_caudatus	1
Ptilogonys_cinereus	1
Phainopepla_nitens	1
Phainoptila_melanoxantha	1
Hypocolius_ampelinus	1
Dulus_dominicus	2
Regulus_madeirensis	1
Regulus_ignicapilla	1
Regulus_regulus	1
Regulus_calendula	1
Regulus_satrapa	1
Poospiza_melanoleuca	1
Poospiza_cinerea	1
Poospiza_torquata	1
Cypsnagra_hirundinacea	1
Donacospiza_albifrons	0
Compsospiza_garleppi	1
Compsospiza_baeri	1
Poospiza_ornata	1
Bangsia_rothschildi	0
Bangsia_edwardsi	1
Bangsia_aureocincta	0
Bangsia_arcaei	(0 2)
Wetmorethraupis_sterrhopteron	1
Thraupis_bonariensis	1
Anisognathus_melanogenys	1
Anisognathus_somptuosus	1
Anisognathus_notabilis	1
Thraupis_cyanocephala	1
Chlorornis_riefferii	1
Saltator_rufiventris	1
Chlorochrysa_phoenicotis	1
Chlorochrysa_calliparaea	1
Tangara_ruficervix	1
Tangara_cayana	1
Tangara_cucullata	1
Tangara_vitriolina	1
Tangara_palmeri	1
Tangara_guttata	1
Tangara_rufigula	1
Tangara_nigrocincta	1
Tangara_cyanicollis	1
Tangara_larvata	1
Thraupis_sayaca	1
Thraupis_episcopus	1
Thraupis_ornata	1
Thraupis_palmarum	1
Thraupis_abbas	1
Tangara_nigroviridis	1
Tangara_dowii	1
Tangara_fucosa	0
Tangara_vassorii	1
Tangara_desmaresti	1
Tangara_cyanocephala	1
Tangara_seledon	1
Tangara_lavinia	1
Tangara_gyrola	1
Tangara_chilensis	1
Tangara_inornata	1
Tangara_icterocephala	1
Tangara_florida	1
Tangara_arthus	1
Tangara_parzudakii	1
Tangara_schrankii	1
Tangara_johannae	1
Tangara_xanthocephala	1
Gubernatrix_cristata	1
Schistochlamys_melanopis	1
Cissopis_leverianus	1
Paroaria_gularis	1
Paroaria_baeri	1
Paroaria_coronata	1
Paroaria_capitata	1
Diuca_diuca	1
Lophospingus_pusillus	1
Neothraupis_fasciata	1
Stephanophorus_diadematus	1
Geospiza_fortis	0
Tiaris_obscurus	0
Tiaris_fuliginosus	0
Tiaris_bicolor	0
Melanospiza_richardsoni	0
Amaurospiza_moesta	1
Tiaris_canorus	1
Loxigilla_noctis	2
Loxipasser_anoxanthus	0
Melopyrrha_nigra	0
Loxigilla_portoricensis	0
Loxigilla_violacea	2
Tiaris_olivaceus	0
Coereba_flaveola	0
Saltator_aurantiirostris	1
Saltator_grossus	1
Saltator_coerulescens	1
Saltator_striatipectus	1
Saltator_albicollis	1
Saltator_similis	1
Saltator_atriceps	1
Saltator_atripennis	1
Saltator_maximus	1
Saltator_atricollis	1
Saltatricula_multicolor	1
Nemosia_pileata	1
Emberizoides_ypiranganus	1
Emberizoides_herbicola	1
Embernagra_platensis	1
Rhodinocichla_rosea	1
Phrygilus_fruticeti	1
Phrygilus_carbonarius	0
Porphyrospiza_caerulescens	1
Phrygilus_alaudinus	1
Hemithraupis_flavicollis	1
Chrysothlypis_chrysomelas	1
Chlorophanes_spiza	1
Sericossypha_albocristata	1
Sporophila_collaris	1
Sporophila_leucoptera	1
Sporophila_schistacea	1
Sporophila_americana	1
Sporophila_corvina	1
Sporophila_intermedia	1
Sporophila_melanogaster	1
Sporophila_hypochroma	1
Sporophila_nigrorufa	1
Sporophila_hypoxantha	1
Sporophila_palustris	1
Sporophila_castaneiventris	1
Sporophila_torqueola	1
Oryzoborus_angolensis	1
Oryzoborus_funereus	1
Oryzoborus_maximiliani	1
Oryzoborus_crassirostris	1
Diglossa_major	1
Diglossa_gloriosa	1
Diglossa_humeralis	1
Diglossa_brunneiventris	1
Diglossa_venezuelensis	1
Diglossa_albilatera	1
Diglossa_lafresnayii	1
Diglossa_plumbea	1
Diglossa_baritula	1
Diglossa_sittoides	1
Diglossa_cyanea	1
Diglossa_caerulescens	1
Phrygilus_dorsalis	0
Xenodacnis_parina	1
Haplospiza_rustica	0
Acanthidops_bairdii	1
Phrygilus_plebejus	0
Catamenia_inornata	1
Sicalis_luteola	1
Sicalis_flaveola	0
Sicalis_lutea	1
Sicalis_olivascens	2
Phrygilus_atriceps	1
Phrygilus_patagonicus	1
Phrygilus_gayi	1
Melanodera_melanodera	1
Rowettia_goughensis	1
Nesospiza_acunhae	1
Oreomanes_fraseri	1
Conirostrum_speciosum	1
Conirostrum_bicolor	1
Tachyphonus_phoenicius	1
Tachyphonus_rufus	1
Tachyphonus_coronatus	1
Ramphocelus_costaricensis	1
Ramphocelus_passerinii	1
Ramphocelus_icteronotus	1
Ramphocelus_flammigerus	1
Ramphocelus_nigrogularis	1
Ramphocelus_dimidiatus	1
Ramphocelus_carbo	1
Ramphocelus_bresilius	1
Ramphocelus_sanguinolentus	1
Lanio_versicolor	1
Eucometis_penicillata	1
Trichothraupis_melanops	1
Tachyphonus_surinamus	1
Tachyphonus_delatrii	1
Coryphospingus_cucullatus	1
Tachyphonus_cristatus	1
Tachyphonus_luctuosus	1
Rhodospingus_cruentus	1
Volatinia_jacarina	1
Conothraupis_speculigera	1
Cyanerpes_cyaneus	1
Cyanerpes_caeruleus	1
Cyanerpes_lucidus	1
Tersina_viridis	1
Dacnis_venusta	1
Dacnis_cayana	1
Spiza_americana	1
Cyanoloxia_glaucocaerulea	1
Cyanocompsa_brissonii	1
Cyanocompsa_cyanoides	1
Cyanocompsa_parellina	1
Passerina_leclancherii	1
Passerina_versicolor	1
Passerina_ciris	1
Passerina_rositae	1
Passerina_caerulea	1
Passerina_amoena	1
Passerina_cyanea	1
Piranga_erythrocephala	1
Piranga_leucoptera	1
Piranga_bidentata	1
Piranga_ludoviciana	1
Piranga_flava	1
Piranga_olivacea	1
Piranga_rubra	1
Cardinalis_sinuatus	1
Cardinalis_phoeniceus	1
Cardinalis_cardinalis	1
Caryothraustes_canadensis	1
Caryothraustes_poliogaster	1
Rhodothraupis_celaeno	1
Chlorothraupis_carmioli	1
Chlorothraupis_stolzmanni	1
Habia_rubica	1
Habia_fuscicauda	1
Habia_gutturalis	1
Granatellus_venustus	1
Granatellus_sallaei	1
Pheucticus_ludovicianus	1
Pheucticus_melanocephalus	1
Pheucticus_aureoventris	1
Pseudoleistes_guirahuro	1
Pseudoleistes_virescens	1
Xanthopsar_flavus	1
Oreopsar_bolivianus	1
Agelaioides_badius	1
Gnorimopsar_chopi	2
Chrysomus_ruficapillus	1
Chrysomus_icterocephalus	1
Agelasticus_xanthophthalmus	1
Agelasticus_cyanopus	1
Agelasticus_thilius	1
Curaeus_curaeus	1
Amblyramphus_holosericeus	1
Hypopyrrhus_pyrohypogaster	1
Lampropsar_tanagrinus	1
Gymnomystax_mexicanus	1
Macroagelaius_imthurni	1
Macroagelaius_subalaris	1
Quiscalus_quiscula	1
Quiscalus_nicaraguensis	1
Quiscalus_mexicanus	1
Quiscalus_major	1
Quiscalus_niger	1
Quiscalus_lugubris	1
Euphagus_carolinus	1
Euphagus_cyanocephalus	1
Agelaius_phoeniceus	1
Agelaius_tricolor	1
Agelaius_xanthomus	1
Agelaius_humeralis	1
Dives_warszewiczi	1
Nesopsar_nigerrimus	1
Amblycercus_holosericeus	1
Icterus_chrysocephalus	1
Icterus_cayanensis	1
Icterus_bonana	1
Icterus_dominicensis	1
Icterus_oberi	1
Icterus_laudabilis	1
Icterus_spurius	1
Icterus_prosthemelas	1
Icterus_cucullatus	(0 1)
Icterus_wagleri	1
Icterus_icterus	(0 1)
Icterus_jamacaii	0
Icterus_pectoralis	1
Icterus_graceannae	1
Icterus_croconotus	0
Icterus_mesomelas	1
Icterus_chrysater	1
Icterus_graduacauda	1
Icterus_parisorum	1
Icterus_nigrogularis	1
Icterus_gularis	0
Icterus_auratus	1
Icterus_bullockii	1
Icterus_galbula	1
Icterus_leucopteryx	1
Cacicus_sclateri	1
Cacicus_chrysopterus	1
Psarocolius_angustifrons	1
Psarocolius_atrovirens	1
Psarocolius_wagleri	1
Psarocolius_montezuma	1
Psarocolius_viridis	1
Psarocolius_decumanus	1
Cacicus_melanicterus	1
Ocyalus_latirostris	1
Clypicterus_oseryi	1
Cacicus_haemorrhous	0
Cacicus_cela	0
Cacicus_solitarius	1
Sturnella_neglecta	0
Sturnella_magna	0
Sturnella_loyca	0
Sturnella_superciliaris	1
Sturnella_bellicosa	(0 1)
Sturnella_militaris	1
Xanthocephalus_xanthocephalus	1
Dolichonyx_oryzivorus	1
Icteria_virens	1
Seiurus_aurocapilla	1
Setophaga_chrysoparia	1
Setophaga_virens	(1 2)
Setophaga_townsendi	1
Setophaga_occidentalis	1
Setophaga_graciae	1
Setophaga_nigrescens	1
Setophaga_adelaidae	1
Setophaga_discolor	1
Setophaga_vitellina	1
Setophaga_pinus	1
Setophaga_pityophila	1
Setophaga_coronata	1
Setophaga_dominica	1
Setophaga_palmarum	1
Setophaga_caerulescens	1
Setophaga_petechia	1
Setophaga_pensylvanica	1
Setophaga_striata	1
Setophaga_castanea	1
Setophaga_fusca	1
Setophaga_magnolia	1
Setophaga_cerulea	1
Setophaga_kirtlandii	1
Setophaga_americana	1
Setophaga_pitiayumi	0
Setophaga_tigrina	1
Setophaga_ruticilla	1
Setophaga_citrina	1
Setophaga_plumbea	1
Setophaga_pharetra	1
Setophaga_angelae	1
Catharopeza_bishopi	1
Basileuterus_rufifrons	0
Basileuterus_melanogenys	0
Basileuterus_trifasciatus	0
Basileuterus_tristriatus	0
Basileuterus_culicivorus	0
Basileuterus_lachrymosus	1
Cardellina_versicolor	0
Cardellina_rubrifrons	1
Cardellina_pusilla	1
Cardellina_canadensis	1
Myioborus_torquatus	0
Myioborus_ornatus	1
Myioborus_melanocephalus	0
Myioborus_flavivertex	1
Myioborus_brunniceps	0
Myioborus_miniatus	1
Myioborus_pictus	1
Myiothlypis_leucophrys	0
Myiothlypis_flaveolus	0
Myiothlypis_leucoblepharus	0
Myiothlypis_fulvicauda	0
Myiothlypis_nigrocristatus	0
Myiothlypis_coronatus	0
Myiothlypis_conspicillatus	0
Geothlypis_semiflava	1
Geothlypis_nelsoni	1
Geothlypis_trichas	1
Geothlypis_rostrata	1
Geothlypis_beldingi	1
Geothlypis_aequinoctialis	1
Geothlypis_formosa	1
Oporornis_agilis	1
Geothlypis_tolmiei	1
Geothlypis_philadelphia	1
Geothlypis_poliocephala	1
Oreothlypis_luciae	2
Oreothlypis_virginiae	1
Oreothlypis_ruficapilla	1
Oreothlypis_crissalis	1
Oreothlypis_celata	1
Oreothlypis_gutturalis	1
Oreothlypis_superciliosa	1
Oreothlypis_peregrina	1
Helmitheros_vermivorum	1
Limnothlypis_swainsonii	1
Protonotaria_citrea	1
Parkesia_motacilla	(1 2)
Parkesia_noveboracensis	1
Mniotilta_varia	1
Vermivora_cyanoptera	1
Vermivora_chrysoptera	1
Xenoligea_montana	1
Microligea_palustris	1
Phaenicophilus_poliocephalus	1
Phaenicophilus_palmarum	1
Nesospingus_speculiferus	1
Zeledonia_coronata	0
Teretistris_fernandinae	1
Spindalis_zena	1
Ammodramus_humeralis	1
Ammodramus_aurifrons	1
Ammodramus_savannarum	1
Arremonops_chloronotus	0
Arremonops_rufivirgatus	0
Arremonops_conirostris	0
Peucaea_ruficauda	1
Peucaea_humeralis	1
Peucaea_mystacalis	1
Peucaea_aestivalis	1
Peucaea_cassinii	1
Peucaea_botterii	1
Peucaea_carpalis	1
Rhynchospiza_strigiceps	1
Rhynchospiza_stolzmanni	1
Spizella_wortheni	1
Spizella_pusilla	1
Spizella_atrogularis	1
Spizella_breweri	1
Spizella_passerina	1
Spizella_pallida	1
Calamospiza_melanocorys	1
Amphispiza_quinquestriata	1
Amphispiza_bilineata	1
Chondestes_grammacus	1
Ammodramus_nelsoni	1
Ammodramus_caudacutus	1
Ammodramus_maritimus	1
Ammodramus_leconteii	1
Ammodramus_henslowii	1
Pooecetes_gramineus	1
Melospiza_lincolnii	1
Melospiza_georgiana	1
Melospiza_melodia	1
Xenospiza_baileyi	1
Ammodramus_bairdii	1
Passerculus_sandwichensis	1
Amphispiza_belli	1
Oriturus_superciliosus	1
Atlapetes_latinuchus	1
Atlapetes_citrinellus	1
Pselliophorus_tibialis	1
Atlapetes_albinucha	1
Atlapetes_pileatus	1
Pipilo_erythrophthalmus	1
Pipilo_maculatus	1
Pipilo_chlorurus	1
Pipilo_ocai	1
Melozone_biarcuata	1
Melozone_leucotis	1
Melozone_kieneri	1
Melozone_fusca	1
Melozone_aberti	1
Melozone_crissalis	1
Melozone_albicollis	1
Aimophila_rufescens	1
Aimophila_ruficeps	1
Pezopetes_capitalis	1
Junco_phaeonotus	1
Junco_hyemalis	1
Zonotrichia_capensis	1
Zonotrichia_albicollis	1
Zonotrichia_querula	1
Zonotrichia_atricapilla	1
Zonotrichia_leucophrys	1
Spizella_arborea	1
Arremon_aurantiirostris	0
Arremon_schlegeli	0
Arremon_flavirostris	1
Arremon_castaneiceps	0
Arremon_virenticeps	1
Arremon_brunneinucha	1
Arremon_torquatus	1
Chlorospingus_semifuscus	1
Chlorospingus_tacarcunae	2
Chlorospingus_ophthalmicus	1
Chlorospingus_pileatus	1
Chlorospingus_flavigularis	1
Chlorospingus_parvirostris	1
Emberiza_impetuani	1
Emberiza_tahapisi	1
Emberiza_striolata	1
Emberiza_capensis	1
Emberiza_cabanisi	1
Emberiza_flaviventris	1
Emberiza_pallasi	1
Emberiza_schoeniclus	1
Emberiza_yessoensis	1
Emberiza_spodocephala	1
Emberiza_aureola	1
Emberiza_rutila	1
Emberiza_rustica	1
Emberiza_sulphurata	1
Emberiza_chrysophrys	1
Emberiza_tristrami	1
Emberiza_elegans	1
Emberiza_bruniceps	1
Emberiza_melanocephala	1
Melophus_lathami	1
Emberiza_godlewskii	1
Emberiza_cia	1
Emberiza_cioides	1
Emberiza_jankowskii	1
Emberiza_caesia	1
Emberiza_hortulana	1
Emberiza_buchanani	1
Emberiza_citrinella	1
Emberiza_leucocephalos	1
Emberiza_stewarti	1
Emberiza_cirlus	1
Emberiza_calandra	1
Calyptophilus_frugivorus	1
Calyptophilus_tertius	1
Mitrospingus_oleagineus	1
Mitrospingus_cassinii	1
Calcarius_ornatus	1
Calcarius_pictus	1
Plectrophenax_hyperboreus	1
Calcarius_lapponicus	1
Rhynchophanes_mccownii	1
Chloris_sinica	1
Chloris_ambigua	1
Chloris_spinoides	1
Chloris_chloris	1
Linurgus_olivaceus	1
Serinus_atrogularis	1
Serinus_leucopygius	1
Serinus_citrinipectus	1
Serinus_mozambicus	1
Serinus_dorsostriatus	1
Serinus_citrinelloides	1
Serinus_scotops	1
Serinus_gularis	1
Serinus_mennelli	1
Serinus_sulphuratus	1
Serinus_flaviventris	1
Serinus_albogularis	1
Serinus_striolatus	1
Pseudochloroptila_totta	1
Serinus_burtoni	1
Serinus_pusillus	1
Serinus_flavivertex	1
Serinus_canicollis	1
Alario_alario	1
Serinus_serinus	1
Serinus_canaria	1
Spinus_xanthogastrus	1
Spinus_barbatus	1
Spinus_cucullatus	1
Spinus_pinus	1
Spinus_spinus	0
Spinus_tristis	1
Spinus_psaltria	1
Spinus_lawrencei	1
Carduelis_cannabina	1
Carduelis_flavirostris	1
Serinus_corsicanus	1
Serinus_citrinella	1
Carduelis_carduelis	1
Loxia_leucoptera	1
Loxia_scotica	1
Loxia_pytyopsittacus	1
Loxia_curvirostra	1
Acanthis_flammea	1
Acanthis_hornemanni	1
Rhodospiza_obsoleta	1
Carpodacus_cassinii	1
Carpodacus_mexicanus	1
Leucosticte_brandti	1
Leucosticte_tephrocotis	1
Leucosticte_australis	1
Leucosticte_atrata	1
Leucosticte_arctoa	1
Leucosticte_nemoricola	1
Pyrrhula_murina	1
Pyrrhula_pyrrhula	1
Pyrrhula_erythaca	1
Pyrrhula_erythrocephala	1
Pyrrhula_aurantiaca	1
Pyrrhula_nipalensis	1
Pinicola_enucleator	1
Bucanetes_mongolicus	1
Carpodacus_rubicilla	1
Carpodacus_puniceus	1
Carpodacus_trifasciatus	1
Carpodacus_thura	1
Carpodacus_roseus	1
Uragus_sibiricus	1
Carpodacus_rubicilloides	1
Carpodacus_erythrinus	1
Haematospiza_sipahi	1
Bucanetes_githagineus	2
Telespiza_cantans	1
Telespiza_ultima	1
Vestiaria_coccinea	1
Himatione_sanguinea	1
Palmeria_dolei	1
Oreomystis_mana	2
Hemignathus_kauaiensis	1
Hemignathus_virens	1
Pseudonestor_xanthophrys	1
Loxops_coccineus	2
Loxops_caeruleirostris	1
Magumma_parva	1
Oreomystis_bairdi	1
Paroreomyza_montana	1
Eophona_migratoria	1
Eophona_personata	1
Mycerobas_affinis	1
Mycerobas_carnipes	1
Emberiza_affinis	2
Coccothraustes_coccothraustes	1
Coccothraustes_vespertinus	1
Euphonia_pectoralis	0
Euphonia_affinis	0
Euphonia_chlorotica	0
Euphonia_gouldi	0
Euphonia_fulvicrissa	0
Euphonia_hirundinacea	0
Euphonia_laniirostris	0
Euphonia_musica	0
Euphonia_cyanocephala	0
Chlorophonia_flavirostris	0
Chlorophonia_occipitalis	0
Fringilla_teydea	1
Fringilla_coelebs	1
Fringilla_montifringilla	1
Carpospiza_brachydactyla	0
Motacilla_cinerea	1
Geospiza_fuliginosa	0
Pinaroloxias_inornata	0
Camarhynchus_parvulus	0
Camarhynchus_psittacula	0
Camarhynchus_pauper	0
Camarhynchus_pallidus	0
Camarhynchus_heliobates	0
Geospiza_difficilis	0
Geospiza_magnirostris	0
Geospiza_conirostris	0
Geospiza_scandens	0
Certhidea_olivacea	0
Certhidea_fusca	0
Platyspiza_crassirostris	0
Motacilla_grandis	(1 2)
Motacilla_alba	1
Motacilla_madaraspatensis	(1 2)
Motacilla_flava	1
Motacilla_citreola	1
Motacilla_aguimp	1
Motacilla_flaviventris	1
Motacilla_capensis	1
Motacilla_clara	1
Anthus_rubescens	1
Anthus_petrosus	(1 2)
Anthus_spinoletta	1
Anthus_pratensis	1
Anthus_cervinus	1
Anthus_trivialis	1
Anthus_hodgsoni	1
Anthus_gustavi	1
Anthus_spragueii	1
Anthus_lutescens	0
Anthus_correndera	1
Macronyx_croceus	1
Anthus_cinnamomeus	1
Anthus_brachyurus	1
Anthus_berthelotii	1
Anthus_campestris	1
Anthus_richardi	1
Anthus_godlewskii	1
Passer_ammodendri	2
Passer_melanurus	0
Passer_griseus	0
Passer_domesticus	2
Passer_hispaniolensis	(0 2)
Passer_flaveolus	(0 2)
Passer_luteus	0
Passer_montanus	0
Passer_rutilans	2
Petronia_dentata	2
Montifringilla_adamsi	2
Montifringilla_nivalis	2
Montifringilla_ruficollis	2
Montifringilla_davidiana	2
Montifringilla_blanfordi	2
Montifringilla_taczanowskii	2
Petronia_petronia	0
Anomalospiza_imberbis	0
Lagonosticta_rufopicta	0
Lagonosticta_nitidula	0
Lagonosticta_senegala	0
Granatina_ianthinogaster	0
Lagonosticta_larvata	0
Lagonosticta_rara	0
Clytospiza_monteiri	0
Lagonosticta_rubricata	0
Lagonosticta_virata	0
Lagonosticta_rhodopareia	0
Granatina_granatina	0
Uraeginthus_bengalus	0
Uraeginthus_cyanocephalus	0
Uraeginthus_angolensis	0
Pytilia_hypogrammica	0
Pytilia_phoenicoptera	0
Pytilia_afra	0
Spermophaga_haematina	0
Pyrenestes_ostrinus	0
Pyrenestes_sanguineus	0
Lagonosticta_sanguinodorsalis	0
Ortygospiza_atricollis	(0 2)
Hypargos_margaritatus	0
Hypargos_niveoguttatus	0
Euschistospiza_cinereovinacea	0
Pytilia_melba	0
Coccopygia_quartinia	0
Coccopygia_melanotis	0
Estrilda_erythronotos	0
Estrilda_caerulescens	0
Estrilda_melpoda	0
Estrilda_rhodopyga	0
Estrilda_troglodytes	0
Estrilda_paludicola	0
Estrilda_atricapilla	0
Estrilda_astrild	0
Estrilda_nonnula	0
Estrilda_perreini	0
Nesocharis_capistrata	0
Nigrita_bicolor	0
Nigrita_canicapillus	0
Euschistospiza_dybowskii	0
Sporaeginthus_subflavus	0
Amandava_amandava	0
Amadina_fasciata	(0 2)
Amadina_erythrocephala	2
Heteromunia_pectoralis	0
Erythrura_trichroa	0
Erythrura_prasina	0
Erythrura_gouldiae	2
Lonchura_nana	0
Lonchura_malacca	0
Lonchura_pallida	0
Lonchura_quinticolor	0
Lonchura_striata	(0 2)
Lonchura_punctulata	0
Lonchura_oryzivora	(0 2)
Lonchura_castaneothorax	0
Stagonopleura_guttata	0
Euodice_malabarica	0
Euodice_cantans	0
Spermestes_cucullatus	0
Spermestes_fringilloides	0
Spermestes_bicolor	0
Odontospiza_griseicapilla	0
Poephila_acuticauda	0
Poephila_cincta	0
Neochmia_modesta	0
Poephila_personata	0
Emblema_pictum	0
Neochmia_temporalis	0
Neochmia_ruficauda	0
Taeniopygia_castanotis	0
Taeniopygia_bichenovii	0
Neochmia_phaeton	0
Cryptospiza_reichenovii	0
Mandingoa_nitidula	0
Prunella_fulvescens	1
Prunella_himalayana	1
Euplectes_hordeaceus	0
Euplectes_ardens	0
Euplectes_afer	0
Ploceus_bicolor	0
Ploceus_cucullatus	0
Ploceus_vitellinus	0
Ploceus_capensis	0
Ploceus_ocularis	0
Quelea_quelea	0
Quelea_cardinalis	0
Foudia_sechellarum	0
Foudia_madagascariensis	0
Euplectes_nigroventris	0
Euplectes_orix	0
Euplectes_diadematus	0
Euplectes_franciscanus	0
Euplectes_gierowii	0
Euplectes_psammocromius	0
Euplectes_progne	0
Euplectes_jacksoni	0
Euplectes_hartlaubi	0
Euplectes_axillaris	0
Euplectes_albonotatus	0
Euplectes_macroura	0
Euplectes_capensis	0
Euplectes_aureus	0
Ploceus_melanocephalus	0
Ploceus_taeniopterus	0
Ploceus_intermedius	0
Ploceus_luteolus	0
Ploceus_velatus	0
Sporopipes_frontalis	0
Bubalornis_niger	0
Bubalornis_albirostris	0
Dinemellia_dinemelli	0
Philetairus_socius	0
Plocepasser_mahali	0
Amblyospiza_albifrons	0
Prunella_montanella	1
Prunella_modularis	1
Prunella_collaris	1
Prunella_atrogularis	1
Peucedramus_taeniatus	1
Irena_puella	1
Irena_cyanogastra	1
Chloropsis_cochinchinensis	1
Chloropsis_sonnerati	1
Chloropsis_hardwickii	1
Leptocoma_sperata	0
Leptocoma_sericea	0
Cinnyris_notatus	0
Chalcomitra_adelberti	0
Chalcomitra_senegalensis	0
Nectarinia_kilimensis	0
Cinnyris_erythrocercus	0
Cinnyris_minullus	0
Cinnyris_superbus	0
Cinnyris_pulchellus	0
Cinnyris_mariquensis	0
Anthreptes_orientalis	0
Chalcomitra_balfouri	0
Cinnyris_coquerellii	0
Cinnyris_dussumieri	0
Cinnyris_souimanga	0
Cinnyris_humbloti	0
Cinnyris_venustus	0
Cinnyris_bouvieri	0
Cinnyris_talatala	0
Hedydipna_collaris	0
Cinnyris_jugularis	0
Anthreptes_rectirostris	0
Cyanomitra_alinae	0
Cinnyris_cupreus	0
Cyanomitra_obscura	0
Cyanomitra_olivacea	0
Cyanomitra_oritis	0
Cyanomitra_verticalis	0
Anthreptes_malacensis	0
Aethopyga_flagrans	0
Aethopyga_siparaja	0
Aethopyga_boltoni	0
Aethopyga_primigenia	0
Aethopyga_christinae	0
Aethopyga_duyvenbodei	0
Arachnothera_robusta	0
Arachnothera_longirostra	0
Arachnothera_chrysogenys	0
Arachnothera_affinis	0
Hypogramma_hypogrammicum	0
Arachnothera_magna	0
Dicaeum_agile	1
Dicaeum_everetti	1
Dicaeum_chrysorrheum	1
Prionochilus_xanthopygius	1
Prionochilus_percussus	0
Prionochilus_maculatus	1
Dicaeum_cruentatum	0
Dicaeum_ignipectum	1
Dicaeum_celebicum	0
Dicaeum_aeneum	0
Dicaeum_geelvinkianum	0
Dicaeum_hirundinaceum	0
Dicaeum_concolor	0
Dicaeum_trigonostigma	0
Dicaeum_nigrilore	0
Kakamega_poliothorax	1
Modulatrix_stictigula	1
Promerops_cafer	1
Promerops_gurneyi	1
Eupetes_macrocerus	1
Picathartes_oreas	1
Picathartes_gymnocephalus	1
Chaetops_frenatus	1
Heteromyias_albispecularis	1
Poecilodryas_cerviniventris	1
Eopsaltria_georgiana	1
Tregellasia_leucops	1
Tregellasia_capito	1
Eopsaltria_griseogularis	1
Eopsaltria_australis	1
Melanodryas_cucullata	1
Melanodryas_vittata	1
Eopsaltria_pulverulenta	1
Peneothello_sigillata	1
Peneothello_cyanus	1
Drymodes_brunneopygia	1
Microeca_flavigaster	1
Microeca_griseoceps	1
Microeca_papuana	1
Petroica_macrocephala	(1 2)
Petroica_traversi	(1 2)
Petroica_rosea	1
Eugerygone_rubra	1
Petroica_rodinogaster	1
Petroica_phoenicea	1
Petroica_multicolor	1
Petroica_boodang	1
Petroica_australis	1
Petroica_goodenovii	1
Pachycephalopsis_poliosoma	1
Amalocichla_incerta	1
Philentoma_pyrhoptera	1
Philentoma_velata	1
Tephrodornis_gularis	1
Hemipus_hirundinaceus	1
Bias_musicus	1
Prionops_plumatus	1
Artamella_viridis	1
Cyanolanius_madagascarinus	1
Vanga_curvirostris	1
Xenopirostris_xenopirostris	1
Mystacornis_crossleyi	1
Tephrodornis_pondicerianus	1
Hemipus_picatus	1
Prionops_scopifrons	1
Prionops_retzii	1
Megabyas_flammulatus	1
Platysteira_blissetti	1
Platysteira_concreta	1
Platysteira_laticincta	1
Platysteira_peltata	1
Platysteira_cyanea	1
Platysteira_castanea	1
Platysteira_tonsa	1
Batis_mixta	1
Batis_capensis	1
Batis_pririt	1
Batis_soror	1
Batis_molitor	1
Batis_minor	1
Lanioturdus_torquatus	1
Laniarius_leucorhynchus	1
Laniarius_atrococcineus	1
Laniarius_atroflavus	1
Laniarius_erythrogaster	1
Laniarius_barbarus	1
Laniarius_ruficeps	1
Laniarius_turatii	1
Laniarius_aethiopicus	1
Laniarius_bicolor	1
Laniarius_ferrugineus	1
Laniarius_luehderi	1
Laniarius_funebris	1
Laniarius_poensis	1
Laniarius_fuelleborni	1
Telophorus_zeylonus	1
Rhodophoneus_cruentus	1
Telophorus_nigrifrons	1
Telophorus_sulfureopectus	1
Telophorus_bocagei	1
Nilaus_afer	1
Tchagra_minutus	1
Tchagra_australis	1
Tchagra_senegalus	1
Dryoscopus_cubla	1
Dryoscopus_gambensis	1
Malaconotus_blanchoti	1
Rhagologus_leucostigma	1
Aegithina_tiphia	1
Artamus_cinereus	1
Artamus_minor	1
Artamus_cyanopterus	1
Artamus_leucorynchus	1
Artamus_personatus	1
Artamus_superciliosus	1
Peltops_blainvillii	1
Cracticus_nigrogularis	1
Gymnorhina_tibicen	1
Cracticus_quoyi	1
Strepera_graculina	1
Machaerirhynchus_flaviventer	1
Coracina_novaehollandiae	1
Coracina_striata	1
Coracina_macei	1
Coracina_papuensis	1
Coracina_boyeri	1
Coracina_maxima	1
Coracina_lineata	1
Coracina_longicauda	1
Coracina_cinerea	1
Coracina_pectoralis	1
Coracina_caesia	1
Coracina_tenuirostris	1
Lalage_leucopyga	1
Lalage_tricolor	1
Lalage_leucomela	1
Coracina_melaschistos	1
Coracina_polioptera	1
Coracina_fimbriata	1
Coracina_melanoptera	1
Coracina_newtoni	1
Coracina_typica	1
Lalage_nigra	1
Lalage_leucopygialis	1
Coracina_azurea	1
Campephaga_phoeniceaB	1
Campephaga_flava	1
Campephaga_petiti	1
Pericrocotus_cinnamomeus	1
Pericrocotus_igneus	1
Pericrocotus_solaris	1
Pericrocotus_divaricatus	1
Pericrocotus_ethologus	1
Pericrocotus_flammeus	1
Pericrocotus_erythropygius	1
Daphoenositta_chrysoptera	1
Oreocharis_arfaki	1
Psophodes_olivaceus	1
Aleadryas_rufinucha	1
Oreoica_gutturalis	1
Falcunculus_frontatus	1
Vireo_solitarius	1
Vireo_cassinii	1
Vireo_plumbeus	1
Vireo_flavifrons	1
Vireo_vicinior	1
Vireo_huttoni	1
Vireo_atricapilla	1
Vireo_latimeri	1
Vireo_bellii	1
Vireo_griseus	1
Vireo_philadelphicus	1
Vireo_altiloquus	1
Vireo_flavoviridis	1
Vireo_olivaceus	1
Vireo_leucophrys	1
Vireo_gilvus	1
Hylophilus_ochraceiceps	1
Hylophilus_decurtatus	1
Cyclarhis_gujanensis	1
Erpornis_zantholeuca	1
Pteruthius_xanthochlorus	1
Pteruthius_aenobarbus	1
Pteruthius_melanotis	1
Pteruthius_flaviscapis	1
Oriolus_oriolus	1
Oriolus_chinensis	1
Oriolus_auratus	1
Oriolus_larvatus	1
Oriolus_nigripennis	1
Oriolus_cruentus	1
Oriolus_brachyrhynchus	1
Oriolus_xanthornus	1
Oriolus_xanthonotus	1
Oriolus_traillii	1
Oriolus_szalayi	1
Oriolus_flavocinctus	1
Oriolus_sagittatus	1
Sphecotheres_vieilloti	1
Pitohui_dichrous	1
Paramythia_montium	1
Pitohui_nigrescens	1
Pachycephala_cinerea	1
Pachycephala_philippinensis	1
Pachycephala_lanioides	1
Pachycephala_rufiventris	1
Pachycephala_phaionota	1
Pachycephala_hyperythra	1
Pachycephala_simplex	1
Pachycephala_pectoralis	1
Pachycephala_melanura	1
Pachycephala_caledonica	1
Pachycephala_soror	1
Pachycephala_inornata	1
Pachycephala_olivacea	1
Pitohui_ferrugineus	1
Colluricincla_harmonica	(1 2)
Colluricincla_boweri	1
Colluricincla_woodwardi	(1 2)
Colluricincla_megarhyncha	1
Dicrurus_fuscipennis	1
Dicrurus_modestus	1
Dicrurus_waldenii	1
Dicrurus_aldabranus	1
Dicrurus_forficatus	1
Dicrurus_macrocercus	1
Dicrurus_adsimilis	1
Dicrurus_leucophaeus	1
Dicrurus_atripennis	1
Dicrurus_ludwigii	1
Dicrurus_remifer	1
Dicrurus_paradiseus	1
Dicrurus_annectans	1
Dicrurus_bracteatus	1
Dicrurus_hottentottus	1
Dicrurus_balicassius	1
Dicrurus_aeneus	1
Myiagra_inquieta	1
Myiagra_rubecula	1
Myiagra_ferrocyanea	1
Myiagra_alecto	1
Myiagra_hebetior	1
Myiagra_cyanoleuca	1
Myiagra_caledonica	1
Grallina_cyanoleuca	1
Monarcha_takatsukasae	1
Monarcha_frater	1
Monarcha_melanopsis	1
Monarcha_richardsii	1
Monarcha_cinerascens	1
Clytorhynchus_pachycephaloides	1
Neolalage_banksiana	1
Pomarea_mendozae	1
Pomarea_iphis	1
Chasiempis_sandwichensis	1
Pomarea_dimidiata	1
Pomarea_nigra	1
Carterornis_chrysomela	1
Carterornis_leucotis	1
Monarcha_rubiensis	1
Symposiachrus_axillaris	1
Symposiachrus_manadensis	1
Symposiachrus_guttula	1
Symposiachrus_trivirgatus	1
Symposiachrus_barbatus	1
Arses_telescophthalmus	1
Hypothymis_helenae	1
Hypothymis_azurea	1
Terpsiphone_paradisi	1
Terpsiphone_viridis	1
Terpsiphone_cinnamomea	1
Trochocercus_nitens	1
Trochocercus_cyanomelas	1
Microeca_fascinans	1
Melampitta_lugubris	0
Epimachus_albertisi	1
Astrapia_rothschildi	1
Epimachus_meyeri	1
Parotia_lawesii	1
Cicinnurus_regius	2
Seleucidis_melanoleucus	1
Paradisaea_rudolphi	1
Paradisaea_raggiana	1
Paradisaea_minor	1
Ptiloris_victoriae	1
Ptiloris_paradiseus	1
Lophorina_superba	1
Pteridophora_alberti	1
Manucodia_comrii	1
Manucodia_ater	1
Phonygammus_keraudrenii	1
Lycocorax_pyrrhopterus	1
Corcorax_melanorhamphos	1
Struthidea_cinerea	1
Eurocephalus_anguitimens	1
Lanius_mackinnoni	1
Lanius_collaris	1
Lanius_cabanisi	1
Lanius_excubitoroides	1
Lanius_nubicus	1
Lanius_minor	1
Lanius_senator	1
Lanius_collurio	1
Lanius_isabellinus	1
Lanius_tephronotus	1
Lanius_bucephalus	1
Lanius_cristatus	1
Lanius_schach	1
Lanius_tigrinus	1
Lanius_excubitor	1
Lanius_ludovicianus	1
Lanius_sphenocercus	1
Lanius_meridionalis	1
Lanius_somalicus	1
Lanius_dorsalis	1
Corvinella_corvina	1
Corvus_splendens	1
Corvus_macrorhynchos	1
Corvus_orru	1
Corvus_nasicus	1
Corvus_coronoides	1
Corvus_cryptoleucus	1
Corvus_corax	1
Corvus_albus	1
Corvus_albicollis	1
Corvus_caurinus	1
Corvus_brachyrhynchos	1
Corvus_corone	1
Corvus_cornix	1
Corvus_ossifragus	1
Corvus_frugilegus	1
Nucifraga_columbiana	1
Nucifraga_caryocatactes	1
Corvus_dauuricus	1
Corvus_monedula	(1 2)
Garrulus_lidthi	1
Garrulus_glandarius	(1 2)
Podoces_biddulphi	1
Podoces_hendersoni	1
Ptilostomus_afer	1
Zavattariornis_stresemanni	0
Pica_nuttalli	0
Pica_hudsonia	0
Pica_pica	0
Gymnorhinus_cyanocephalus	1
Aphelocoma_ultramarina	1
Aphelocoma_californica	1
Aphelocoma_insularis	1
Aphelocoma_coerulescens	1
Aphelocoma_unicolor	1
Cyanocitta_stelleri	1
Cyanocitta_cristata	1
Cyanocorax_cristatellus	1
Cyanocorax_violaceus	1
Calocitta_formosa	1
Calocitta_colliei	1
Psilorhinus_morio	1
Cyanocorax_caeruleus	1
Cyanocorax_beecheii	1
Cyanocorax_sanblasianus	1
Cyanocorax_yucatanicus	1
Cyanocorax_melanocyaneus	1
Cyanocorax_chrysops	1
Cyanocorax_cayanus	1
Cyanocorax_heilprini	1
Cyanocorax_affinis	1
Cyanocorax_dickeyi	1
Cyanocorax_yncas	1
Cyanolyca_turcosa	1
Cyanolyca_pulchra	1
Cyanolyca_cucullata	1
Perisoreus_internigrans	1
Perisoreus_infaustus	1
Perisoreus_canadensis	1
Cyanopica_cooki	1
Cyanopica_cyanus	1
Cissa_chinensis	1
Urocissa_erythrorhyncha	1
Crypsirina_temia	1
Temnurus_temnurus	1
Platysmurus_leucopterus	1
Dendrocitta_formosae	1
Pyrrhocorax_pyrrhocorax	(1 2)
Pyrrhocorax_graculus	1
Rhipidura_fuliginosa	1
Rhipidura_phasiana	1
Rhipidura_albiscapa	1
Rhipidura_rennelliana	1
Rhipidura_hyperythra	1
Rhipidura_albolimbata	1
Rhipidura_dryas	1
Rhipidura_rufifrons	1
Rhipidura_teysmanni	1
Rhipidura_rufidorsa	1
Rhipidura_leucophrys	1
Rhipidura_javanica	1
Rhipidura_aureola	1
Rhipidura_albicollis	1
Rhipidura_threnothorax	1
Rhipidura_leucothorax	1
Rhipidura_rufiventris	1
Rhipidura_cockerelli	1
Rhipidura_perlata	1
Rhipidura_atra	1
Rhipidura_superciliaris	1
Rhipidura_cyaniceps	1
Chaetorhynchus_papuensis	1
Cinclosoma_punctatum	1
Ptilorrhoa_leucosticta	1
Ptilorrhoa_caerulescens	1
Mohoua_albicilla	1
Mohoua_ochrocephala	(1 2)
Notiomystis_cincta	2
Mohoua_novaeseelandiae	1
Melanocharis_nigra	1
Melanocharis_versteri	1
Toxorhamphus_iliolophus	1
Toxorhamphus_poliopterus	1
Philesturnus_carunculatus	1
Loboparadisea_sericea	1
Cnemophilus_loriae	0
Orthonyx_spaldingii	0
Orthonyx_novaeguineae	0
Orthonyx_temminckii	0
Pomatostomus_isidorei	1
Pomatostomus_ruficeps	0
Pomatostomus_temporalis	0
Pomatostomus_halli	0
Gerygone_chrysogaster	0
Gerygone_mouki	0
Gerygone_palpebrosa	0
Gerygone_chloronota	0
Gerygone_olivacea	0
Gerygone_igata	0
Gerygone_levigaster	0
Gerygone_fusca	0
Gerygone_magnirostris	0
Sericornis_citreogularis	0
Sericornis_nouhuysi	0
Sericornis_magnirostra	0
Sericornis_keri	0
Sericornis_humilis	0
Sericornis_frontalis	0
Sericornis_perspicillatus	0
Sericornis_papuensis	0
Crateroscelis_robusta	0
Origma_solitaria	0
Smicrornis_brevirostris	0
Pycnoptilus_floccosus	0
Pyrrholaemus_brunneus	0
Pyrrholaemus_sagittatus	0
Calamanthus_campestris	0
Calamanthus_fuliginosus	0
Hylacola_pyrrhopygia	0
Hylacola_cauta	0
Acanthiza_nana	0
Acanthiza_murina	0
Acanthiza_lineata	0
Acanthiza_reguloides	0
Acanthiza_inornata	0
Acanthiza_uropygialis	0
Acanthiza_robustirostris	0
Acanthiza_iredalei	0
Acanthiza_katherina	0
Acanthiza_pusilla	0
Acanthiza_ewingii	0
Acanthiza_apicalis	0
Acanthiza_chrysorrhoa	0
Acanthornis_magna	0
Aphelocephala_nigricincta	0
Aphelocephala_leucopsis	0
Oreoscopus_gutturalis	0
Pachycare_flavogriseum	0
Pardalotus_rubricatus	2
Pardalotus_striatus	0
Pardalotus_punctatus	0
Phylidonyris_novaehollandiae	1
Phylidonyris_niger	1
Phylidonyris_pyrrhopterus	1
Trichodere_cockerelli	1
Lichmera_indistincta	1
Lichmera_alboauricularis	1
Cissomela_pectoralis	1
Lichenostomus_flavicollis	1
Lichenostomus_leucotis	1
Foulehaio_carunculatus	1
Melithreptus_lunatus	1
Melithreptus_affinis	1
Melithreptus_validirostris	1
Melithreptus_brevirostris	1
Melithreptus_gularis	1
Melithreptus_albogularis	1
Entomyzon_cyanotis	1
Myzomela_cineracea	1
Myzomela_obscura	1
Myzomela_eques	1
Myzomela_erythrocephala	1
Myzomela_sanguinolenta	1
Myzomela_cardinalis	1
Myzomela_rosenbergii	1
Sugomel_niger	1
Plectorhyncha_lanceolata	1
Grantiella_picta	1
Xanthotis_flaviventer	1
Philemon_argenticeps	1
Philemon_corniculatus	1
Philemon_buceroides	1
Philemon_citreogularis	1
Gliciphila_melanops	1
Pycnopygius_stictocephalus	1
Prosthemadera_novaeseelandiae	1
Anthornis_melanura	(1 2)
Certhionyx_variegatus	1
Epthianura_albifrons	1
Epthianura_aurifrons	1
Epthianura_crocea	1
Ashbyia_lovensis	1
Melipotes_fumigatus	1
Macgregoria_pulchra	1
Melilestes_megarhynchus	1
Timeliopsis_fulvigula	1
Ramsayornis_fasciatus	0
Ramsayornis_modestus	0
Conopophila_albogularis	1
Lichenostomus_hindwoodi	1
Lichenostomus_frenatus	1
Anthochaera_carunculata	1
Anthochaera_paradoxa	1
Anthochaera_phrygia	1
Anthochaera_chrysoptera	1
Anthochaera_lunulata	1
Acanthagenys_rufogularis	1
Lichenostomus_cratitius	1
Lichenostomus_melanops	1
Melidectes_torquatus	1
Melidectes_belfordi	1
Manorina_flavigula	1
Manorina_melanocephala	1
Manorina_melanophrys	1
Lichenostomus_obscurus	(0 1)
Lichenostomus_chrysops	1
Lichenostomus_unicolor	1
Purnella_albifrons	1
Lichenostomus_ornatus	1
Lichenostomus_penicillatus	1
Lichenostomus_flavus	1
Lichenostomus_flavescens	1
Lichenostomus_fuscus	1
Lichenostomus_keartlandi	1
Lichenostomus_plumulus	1
Lichenostomus_versicolor	1
Lichenostomus_virescens	1
Lichenostomus_fasciogularis	1
Meliphaga_albilineata	1
Meliphaga_cinereifrons	1
Meliphaga_montana	1
Meliphaga_mimikae	1
Meliphaga_analoga	1
Meliphaga_orientalis	1
Meliphaga_albonotata	1
Meliphaga_gracilis	1
Meliphaga_lewinii	1
Meliphaga_notata	1
Meliphaga_aruensis	1
Epthianura_tricolor	1
Acanthorhynchus_superciliosus	1
Acanthorhynchus_tenuirostris	1
Dasyornis_broadbenti	0
Clytomyias_insignis	0
Malurus_amabilis	0
Malurus_lamberti	0
Malurus_pulcherrimus	0
Malurus_elegans	0
Malurus_cyaneus	0
Malurus_splendens	0
Malurus_coronatus	0
Malurus_melanocephalus	0
Malurus_leucopterus	0
Stipiturus_malachurus	0
Stipiturus_mallee	0
Stipiturus_ruficeps	0
Amytornis_housei	0
Amytornis_ballarae	0
Amytornis_purnelli	0
Amytornis_goyderi	0
Amytornis_textilis	0
Amytornis_barbatus	0
Amytornis_woodwardi	0
Amytornis_dorotheae	0
Amytornis_striatus	0
Amblyornis_newtoniana	1
Amblyornis_inornata	1
Archboldia_papuensis	1
Amblyornis_macgregoriae	1
Amblyornis_subalaris	1
Scenopoeetes_dentirostris	1
Ailuroedus_melanotis	1
Ailuroedus_crassirostris	1
Chlamydera_cerviniventris	1
Chlamydera_nuchalis	1
Chlamydera_maculata	1
Chlamydera_lauterbachi	1
Sericulus_chrysocephalus	1
Ptilonorhynchus_violaceus	1
Climacteris_rufus	2
Climacteris_picumnus	2
Cormobates_leucophaea	2
Atrichornis_clamosus	0
Menura_novaehollandiae	0
Pitta_nympha	0
Pitta_sordida	0
Pitta_moluccensis	0
Pitta_superba	0
Pitta_versicolor	0
Pitta_anerythra	0
Pitta_maxima	0
Pitta_iris	0
Pitta_angolensis	0
Pitta_reichenowi	0
Pitta_brachyura	0
Pitta_erythrogaster	0
Pitta_arquata	0
Pitta_granatina	0
Pitta_venusta	0
Pitta_baudii	0
Pitta_guajana	0
Pitta_elliotii	0
Pitta_gurneyi	0
Pitta_cyanea	0
Pitta_oatesi	0
Pitta_soror	0
Pitta_nipalensis	0
Pitta_caerulea	0
Pitta_phayrei	0
Smithornis_rufolateralis	0
Smithornis_capensis	0
Calyptomena_whiteheadi	0
Calyptomena_viridis	0
Corydon_sumatranus	0
Psarisomus_dalhousiae	0
Serilophus_lunatus	0
Cymbirhynchus_macrorhynchos	0
Eurylaimus_javanicus	0
Eurylaimus_ochromalus	0
Eurylaimus_steerii	0
Pseudocalyptomena_graueri	0
Philepitta_castanea	0
Neodrepanis_coruscans	0
Sapayoa_aenigma	0
Masius_chrysopterus	1
Corapipo_gutturalis	1
Ilicura_militaris	1
Corapipo_leucorrhoa	1
Chiroxiphia_boliviana	1
Antilophia_galeata	1
Chiroxiphia_pareola	1
Chiroxiphia_linearis	1
Chiroxiphia_caudata	1
Pipra_pipra	1
Machaeropterus_deliciosus	1
Pipra_mentalis	1
Pipra_erythrocephala	1
Machaeropterus_pyrocephalus	1
Lepidothrix_serena	1
Lepidothrix_coronata	1
Lepidothrix_nattereri	1
Lepidothrix_coeruleocapilla	1
Xenopipo_holochlora	1
Manacus_aurantiacus	1
Manacus_candei	1
Manacus_vitellinus	1
Manacus_manacus	1
Heterocercus_flavivertex	1
Pipra_filicauda	1
Pipra_aureola	1
Pipra_fasciicauda	1
Tyranneutes_stolzmanni	1
Xipholena_atropurpurea	1
Xipholena_punicea	1
Gymnoderus_foetidus	1
Conioptilon_mcilhennyi	1
Procnias_nudicollis	1
Lipaugus_streptophorus	1
Lipaugus_unirufus	1
Querula_purpurata	1
Pyroderus_scutatus	1
Perissocephalus_tricolor	1
Cephalopterus_ornatus	1
Haematoderus_militaris	1
Ampelion_rufaxilla	1
Ampelion_rubrocristatus	1
Phytotoma_rutila	1
Phytotoma_rara	1
Zaratornis_stresemanni	1
Carpornis_melanocephala	1
Rupicola_peruvianus	1
Rupicola_rupicola	1
Pipreola_frontalis	1
Pitangus_lictor	1
Pitangus_sulphuratus	0
Machetornis_rixosa	0
Tyrannus_caudifasciatus	1
Tyrannus_couchii	1
Tyrannus_dominicensis	1
Tyrannus_melancholicus	1
Tyrannus_crassirostris	1
Tyrannus_savana	1
Tyrannus_forficatus	1
Tyrannus_verticalis	1
Empidonomus_aurantioatrocristatus	1
Empidonomus_varius	1
Tyrannus_tyrannus	2
Tyrannus_vociferans	1
Myiodynastes_luteiventris	2
Myiodynastes_maculatus	2
Tyrannopsis_sulphurea	1
Megarynchus_pitangua	1
Myiozetetes_luteiventris	0
Myiozetetes_cayanensis	0
Myiozetetes_similis	0
Casiornis_rufus	2
Sirystes_sibilator	2
Myiarchus_oberi	2
Myiarchus_antillarum	2
Myiarchus_stolidus	2
Myiarchus_sagrae	2
Myiarchus_validus	2
Myiarchus_crinitus	2
Myiarchus_cinerascens	2
Myiarchus_nugator	2
Myiarchus_tyrannulus	2
Myiarchus_swainsoni	2
Myiarchus_phaeocephalus	2
Myiarchus_ferox	2
Myiarchus_panamensis	2
Myiarchus_barbirostris	2
Myiarchus_tuberculifer	2
Myiarchus_cephalotes	2
Myiarchus_semirufus	(1 2)
Attila_rufus	2
Attila_spadiceus	2
Legatus_leucophaius	0
Deltarhynchus_flammulatus	2
Ramphotrigon_megacephalum	2
Ramphotrigon_fuscicauda	2
Ramphotrigon_ruficauda	2
Inezia_subflava	1
Lathrotriccus_euleri	1
Cnemotriccus_fuscatus	1
Ochthornis_littoralis	1
Empidonax_occidentalis	(1 2)
Empidonax_difficilis	(1 2)
Empidonax_flavescens	1
Empidonax_flaviventris	1
Empidonax_affinis	1
Empidonax_oberholseri	1
Empidonax_hammondii	1
Empidonax_minimus	1
Empidonax_wrightii	1
Empidonax_atriceps	1
Empidonax_fulvifrons	1
Empidonax_albigularis	1
Empidonax_alnorum	1
Empidonax_traillii	1
Contopus_sordidulus	1
Contopus_cinereus	1
Contopus_virens	1
Contopus_cooperi	1
Empidonax_virescens	1
Sayornis_saya	1
Sayornis_phoebe	1
Sayornis_nigricans	1
Mitrephanes_olivaceus	1
Mitrephanes_phaeocercus	1
Contopus_fumigatus	1
Contopus_pertinax	1
Muscisaxicola_cinereus	1
Muscisaxicola_flavinucha	2
Muscisaxicola_rufivertex	1
Muscisaxicola_maclovianus	1
Muscisaxicola_frontalis	1
Muscisaxicola_capistratus	(1 2)
Muscisaxicola_albilora	1
Satrapa_icterophrys	1
Knipolegus_signatus	1
Knipolegus_aterrimus	1
Knipolegus_lophotes	1
Knipolegus_nigerrimus	2
Knipolegus_cyanirostris	1
Knipolegus_striaticeps	1
Knipolegus_hudsoni	1
Hymenops_perspicillatus	1
Lessonia_oreas	1
Lessonia_rufa	1
Muscisaxicola_maculirostris	1
Muscisaxicola_alpinus	1
Myiotheretes_striaticollis	1
Myiotheretes_fumigatus	1
Agriornis_murinus	1
Agriornis_micropterus	1
Xolmis_rubetra	1
Neoxolmis_rufiventris	1
Xolmis_coronatus	1
Xolmis_cinereus	1
Xolmis_pyrope	1
Polioxolmis_rufipennis	1
Cnemarchus_erythropygius	1
Xolmis_irupero	1
Colonia_colonus	2
Myiophobus_fasciatus	1
Colorhamphus_parvirostris	1
Ochthoeca_diadema	1
Ochthoeca_oenanthoides	1
Ochthoeca_cinnamomeiventris	1
Myiophobus_flavicans	1
Alectrurus_tricolor	1
Alectrurus_risora	1
Gubernetes_yetapa	1
Arundinicola_leucocephala	0
Fluvicola_pica	0
Pyrocephalus_rubinus	1
Sublegatus_modestus	1
Sublegatus_obscurior	1
Sublegatus_arenarum	1
Muscigralla_brevicauda	(0 1)
Elaenia_chiriquensis	1
Elaenia_mesoleuca	1
Elaenia_frantzii	1
Elaenia_martinica	1
Elaenia_fallax	1
Elaenia_pallatangae	1
Elaenia_albiceps	1
Elaenia_spectabilis	1
Elaenia_pelzelni	1
Elaenia_flavogaster	1
Elaenia_parvirostris	1
Elaenia_strepera	1
Elaenia_obscura	1
Elaenia_gigas	1
Elaenia_cristata	1
Elaenia_ruficeps	1
Myiopagis_gaimardii	1
Myiopagis_viridicata	1
Myiopagis_caniceps	1
Tyrannulus_elatus	1
Suiriri_suiriri	1
Contopus_latirostris	1
Anairetes_parulus	1
Anairetes_alpinus	1
Anairetes_flavirostris	1
Pseudocolopteryx_sclateri	1
Pseudocolopteryx_acutipennis	1
Pseudocolopteryx_flaviventris	1
Serpophaga_nigricans	1
Serpophaga_cinerea	1
Serpophaga_subcristata	1
Serpophaga_munda	1
Serpophaga_hypoleuca	1
Polystictus_superciliaris	1
Polystictus_pectoralis	1
Culicivora_caudacuta	1
Mecocerculus_leucophrys	1
Pseudelaenia_leucospodia	1
Phaeomyias_murina	1
Capsiempis_flaveola	1
Phyllomyias_fasciatus	1
Phyllomyias_griseiceps	1
Zimmerius_vilissimus	0
Zimmerius_gracilipes	0
Zimmerius_chrysops	0
Mecocerculus_calopterus	1
Phyllomyias_virescens	0
Ornithion_brunneicapillus	1
Phyllomyias_burmeisteri	1
Camptostoma_imberbe	0
Camptostoma_obsoletum	0
Inezia_caudata	1
Euscarthmus_meloryphus	1
Phyllomyias_sclateri	1
Stigmatura_budytoides	1
Nephelomyias_ochraceiventris	0
Myiotriccus_ornatus	1
Pyrrhomyias_cinnamomeus	1
Platyrinchus_leucoryphus	1
Platyrinchus_mystaceus	0
Platyrinchus_coronatus	1
Corythopis_delalandi	0
Corythopis_torquatus	0
Phylloscartes_ventralis	0
Phylloscartes_sylviolus	0
Mionectes_oleagineus	0
Mionectes_rufiventris	0
Mionectes_macconnelli	0
Mionectes_olivaceus	0
Mionectes_striaticollis	0
Leptopogon_amaurocephalus	0
Poecilotriccus_capitalis	0
Poecilotriccus_sylvia	0
Poecilotriccus_plumbeiceps	0
Todirostrum_cinereum	0
Todirostrum_maculatum	0
Todirostrum_pictum	0
Hemitriccus_nidipendulus	0
Hemitriccus_margaritaceiventer	0
Myiornis_ecaudatus	0
Myiornis_auricularis	0
Lophotriccus_vitiosus	0
Lophotriccus_pileatus	0
Oncostoma_cinereigulare	0
Lophotriccus_galeatus	0
Hemitriccus_diops	0
Cnipodectes_subbrunneus	0
Tolmomyias_sulphurescens	0
Tolmomyias_poliocephalus	0
Tolmomyias_flaviventris	0
Tolmomyias_assimilis	0
Rhynchocyclus_brevirostris	0
Rhynchocyclus_olivaceus	0
Rhynchocyclus_fulvipectus	0
Tachuris_rubrigastra	1
Piprites_chloris	2
Onychorhynchus_coronatus	0
Myiobius_atricaudus	0
Myiobius_barbatus	0
Myiobius_sulphureipygius	0
Terenotriccus_erythrurus	0
Oxyruncus_cristatus	1
Pachyramphus_minor	0
Pachyramphus_homochrous	0
Pachyramphus_aglaiae	0
Pachyramphus_validus	0
Pachyramphus_spodiurus	0
Pachyramphus_rufus	0
Pachyramphus_xanthogenys	0
Pachyramphus_viridis	0
Pachyramphus_versicolor	0
Pachyramphus_major	0
Pachyramphus_polychopterus	0
Pachyramphus_albogriseus	0
Pachyramphus_castaneus	0
Pachyramphus_cinnamomeus	0
Pachyramphus_surinamus	0
Xenopsaris_albinucha	1
Tityra_cayana	2
Tityra_semifasciata	2
Tityra_inquisitor	2
Iodopleura_fusca	1
Iodopleura_isabellae	1
Schiffornis_virescens	2
Schiffornis_turdina	1
Laniocera_hypopyrra	1
Melanopareia_elegans	0
Rhegmatorhina_melanosticta	2
Gymnopithys_rufigula	1
Gymnopithys_leucaspis	1
Gymnopithys_salvini	(1 2)
Willisornis_poecilinotus	0
Phlegopsis_nigromaculata	1
Pithys_albifrons	1
Phaenostictus_mcleannani	1
Cercomacra_carbonaria	1
Cercomacra_melanaria	1
Cercomacra_manu	1
Hypocnemis_cantator	1
Hypocnemis_hypoxantha	1
Drymophila_squamata	1
Drymophila_devillei	0
Cercomacra_serva	1
Cercomacra_tyrannina	0
Cercomacra_laeta	1
Myrmeciza_hemimelaena	1
Drymophila_rubricollis	1
Drymophila_ferruginea	1
Schistocichla_leucostigma	1
Myrmeciza_hyperythra	1
Sclateria_naevia	1
Rhopornis_ardesiacus	0
Myrmeciza_longipes	1
Myrmeciza_melanoceps	1
Myrmeciza_goeldii	1
Myrmeciza_fortis	0
Percnostola_rufifrons	0
Pyriglena_leuconota	0
Pyriglena_leucoptera	0
Gymnocichla_nudiceps	0
Myrmoborus_myotherinus	0
Myrmeciza_laemosticta	1
Myrmeciza_exsul	1
Hylophylax_naevioides	1
Hylophylax_naevius	1
Myrmeciza_ferruginea	1
Myrmeciza_squamosa	1
Myrmeciza_loricata	1
Taraba_major	1
Cymbilaimus_lineatus	1
Frederickena_unduligera	1
Frederickena_viridis	1
Batara_cinerea	1
Dichrozona_cincta	1
Megastictus_margaritatus	1
Herpsilochmus_longirostris	1
Dysithamnus_mentalis	1
Dysithamnus_plumbeus	1
Dysithamnus_puncticeps	1
Sakesphorus_canadensis	1
Sakesphorus_luctuosus	1
Thamnophilus_aethiops	1
Thamnophilus_unicolor	1
Thamnophilus_caerulescens	1
Thamnophilus_punctatus	1
Thamnophilus_pelzelni	1
Thamnophilus_ambiguus	1
Thamnophilus_nigrocinereus	1
Thamnophilus_melanonotus	1
Thamnophilus_amazonicus	1
Thamnophilus_schistaceus	1
Thamnophilus_murinus	1
Thamnophilus_bridgesi	1
Thamnophilus_atrinucha	1
Thamnophilus_bernardi	1
Thamnophilus_palliatus	1
Thamnophilus_torquatus	1
Thamnophilus_ruficapillus	1
Thamnophilus_doliatus	1
Thamnomanes_saturninus	1
Thamnomanes_caesius	1
Thamnomanes_schistogynus	1
Myrmotherula_hauxwelli	1
Myrmotherula_brachyura	1
Myrmotherula_ignota	1
Myrmotherula_pacifica	1
Myrmotherula_multostriata	1
Myrmotherula_cherriei	1
Formicivora_grisea	1
Formicivora_rufa	1
Formicivora_melanogaster	1
Myrmotherula_axillaris	1
Myrmotherula_longipennis	1
Myrmotherula_schisticolor	1
Myrmotherula_menetriesii	1
Epinecrophylla_gutturalis	0
Epinecrophylla_erythrura	0
Epinecrophylla_fulviventris	0
Myrmeciza_atrothorax	1
Myrmorchilus_strigilatus	1
Microrhopias_quixensis	1
Thamnistes_anabatinus	1
Pygiptila_stellaris	1
Myrmornis_torquata	1
Conopophaga_aurita	1
Conopophaga_peruviana	1
Pittasoma_michleri	1
Grallaricula_lineifrons	1
Myrmothera_campanisona	1
Myrmothera_simplex	1
Grallaricula_nana	1
Grallaricula_flavirostris	1
Grallaria_ruficapilla	1
Grallaria_ridgelyi	1
Grallaria_andicolus	1
Grallaria_rufula	1
Grallaria_varia	1
Grallaria_guatimalensis	1
Grallaria_squamigera	1
Teledromas_fuscus	2
Rhinocrypta_lanceolata	0
Liosceles_thoracicus	0
Pteroptochos_tarnii	2
Pteroptochos_castaneus	2
Scelorchilus_rubecula	2
Scytalopus_superciliaris	1
Scytalopus_affinis	0
Scytalopus_magellanicus	0
Eugralla_paradoxa	0
Eleoscytalopus_indigoticus	0
Chamaeza_campanisona	2
Chamaeza_nobilis	2
Formicarius_analis	2
Formicarius_nigricapillus	2
Formicarius_colma	1
Sclerurus_mexicanus	2
Sclerurus_scansor	2
Sclerurus_albigularis	2
Sclerurus_guatemalensis	2
Geositta_peruviana	2
Geositta_cunicularia	2
Geositta_tenuirostris	2
Geositta_antarctica	2
Geositta_isabellina	2
Geositta_maritima	2
Geositta_poeciloptera	2
Geositta_punensis	2
Geositta_rufipennis	2
Cinclodes_nigrofumosus	2
Cinclodes_patagonicus	2
Cinclodes_atacamensis	2
Cinclodes_oustaleti	2
Cinclodes_fuscus	2
Upucerthia_validirostris	2
Upucerthia_jelskii	2
Upucerthia_albigula	2
Upucerthia_dumetaria	2
Geocerthia_serrana	2
Phleocryptes_melanops	0
Limnornis_curvirostris	0
Lochmias_nematura	2
Furnarius_cristatus	0
Furnarius_rufus	0
Furnarius_figulus	1
Furnarius_leucopus	0
Tarphonomus_certhioides	(1 2)
Pseudocolaptes_boissonneautii	2
Pseudocolaptes_lawrencii	2
Syndactyla_rufosuperciliata	2
Anabacerthia_striaticollis	2
Anabazenops_fuscus	2
Thripadectes_rufobrunneus	2
Thripadectes_flammulatus	2
Thripadectes_ignobilis	2
Automolus_infuscatus	2
Automolus_ochrolaemus	2
Automolus_leucophthalmus	2
Hyloctistes_subulatus	2
Hylocryptus_erythrocephalus	2
Automolus_rubiginosus	2
Anabazenops_dorsalis	2
Synallaxis_albescens	0
Synallaxis_azarae	0
Synallaxis_frontalis	0
Synallaxis_spixi	0
Gyalophylax_hellmayri	0
Synallaxis_stictothorax	0
Schoeniophylax_phryganophilus	0
Certhiaxis_cinnamomeus	0
Synallaxis_candei	0
Synallaxis_erythrothorax	0
Synallaxis_ruficapilla	0
Synallaxis_scutata	0
Siptornopsis_hypochondriaca	0
Synallaxis_cinerascens	0
Synallaxis_cinnamomea	0
Synallaxis_rutilans	0
Pseudasthenes_patagonica	0
Pseudasthenes_steinbachi	0
Cranioleuca_sulphurifera	0
Limnoctites_rectirostris	0
Cranioleuca_marcapatae	0
Cranioleuca_albiceps	0
Cranioleuca_obsoleta	0
Cranioleuca_pyrrhophia	0
Cranioleuca_albicapilla	0
Cranioleuca_erythrops	1
Cranioleuca_demissa	0
Cranioleuca_subcristata	0
Cranioleuca_vulpina	0
Thripophaga_fusciceps	0
Siptornis_striaticollis	0
Acrobatornis_fonsecai	0
Pseudoseisura_gutturalis	0
Xenerpestes_singularis	0
Metopothrix_aurantiaca	0
Cranioleuca_antisiensis	0
Pseudasthenes_cactorum	1
Pseudasthenes_humicola	0
Pseudoseisura_lophotes	0
Spartonoica_maluroides	0
Asthenes_moreirae	0
Asthenes_harterti	0
Asthenes_fuliginosa	0
Asthenes_wyatti	0
Asthenes_sclateri	0
Asthenes_anthoides	0
Asthenes_humilis	0
Asthenes_pyrrholeuca	0
Asthenes_dorbignyi	0
Asthenes_baeri	0
Coryphistera_alaudina	0
Anumbius_annumbi	0
Phacellodomus_striaticeps	0
Phacellodomus_rufifrons	0
Phacellodomus_ruber	0
Phacellodomus_striaticollis	0
Phacellodomus_erythrophthalmus	0
Leptasthenura_fuliginiceps	0
Leptasthenura_aegithaloides	2
Leptasthenura_platensis	2
Sylviorthorhynchus_desmursii	0
Leptasthenura_yanacensis	0
Aphrastura_spinicauda	2
Premnoplex_brunnescens	0
Margarornis_squamiger	0
Ochetorhynchus_andaecola	2
Ochetorhynchus_phoenicurus	2
Ochetorhynchus_ruficaudus	2
Ochetorhynchus_melanurus	2
Pygarrhichas_albogularis	2
Xenops_rutilans	2
Xenops_minutus	2
Glyphorynchus_spirurus	2
Dendrocincla_merula	2
Dendrocincla_turdina	2
Dendrocincla_fuliginosa	2
Dendrocincla_anabatina	2
Dendrocincla_homochroa	2
Deconychura_longicauda	2
Sittasomus_griseicapillus	2
Lepidocolaptes_affinis	2
Lepidocolaptes_lacrymiger	2
Lepidocolaptes_angustirostris	2
Lepidocolaptes_albolineatus	2
Lepidocolaptes_souleyetii	2
Lepidocolaptes_falcinellus	2
Drymornis_bridgesii	2
Campylorhamphus_trochilirostris	2
Campylorhamphus_procurvoides	2
Campylorhamphus_falcularius	2
Dendroplex_picus	2
Xiphorhynchus_spixii	2
Xiphorhynchus_elegans	2
Xiphorhynchus_fuscus	2
Xiphorhynchus_lachrymosus	2
Xiphorhynchus_flavigaster	2
Xiphorhynchus_susurrans	2
Xiphorhynchus_guttatus	2
Xiphorhynchus_erythropygius	2
Xiphorhynchus_obsoletus	2
Nasica_longirostris	2
Dendrexetastes_rufigula	2
Dendrocolaptes_sanctithomae	2
Dendrocolaptes_certhia	2
Dendrocolaptes_picumnus	2
Dendrocolaptes_platyrostris	2
Hylexetastes_perrotii	2
Xiphocolaptes_albicollis	2
Xiphocolaptes_major	2
