Species,Type
Abroscopus_albogularis,dome
Abroscopus_schisticeps,cup
Abroscopus_superciliaris,cup
Acanthagenys_rufogularis,cup
Acanthidops_bairdii,cup
Acanthisitta_chloris,cavity
Acanthiza_apicalis,dome
Acanthiza_chrysorrhoa,dome
Acanthiza_ewingii,dome
Acanthiza_inornata,dome
Acanthiza_iredalei,dome
Acanthiza_katherina,dome
Acanthiza_lineata,dome
Acanthiza_murina,dome
Acanthiza_nana,dome
Acanthiza_pusilla,dome
Acanthiza_reguloides,dome
Acanthiza_robustirostris,dome
Acanthiza_uropygialis,dome
Acanthorhynchus_superciliosus,cup
Acanthorhynchus_tenuirostris,cup
Acanthornis_magna,dome
Achaetops_pycnopygius,cup
Acridotheres_albocinctus,cavity
Acridotheres_burmannicus,cavity
Acridotheres_cinereus,cavity
Acridotheres_cristatellus,cavity
Acridotheres_fuscus,cavity
Acridotheres_ginginianus,cavity
Acridotheres_grandis,cavity
Acridotheres_javanicus,cavity
Acridotheres_melanopterus,cavity
Acridotheres_tristis,cavity
Acrobatornis_fonsecai,dome
Acrocephalus_aedon,cup
Acrocephalus_aequinoctialis,cup
Acrocephalus_agricola,cup
Acrocephalus_arundinaceus,cup
Acrocephalus_atyphus,cup
Acrocephalus_australis,cup
Acrocephalus_baeticatus,cup
Acrocephalus_bistrigiceps,cup
Acrocephalus_caffer,cup
Acrocephalus_concinens,cup
Acrocephalus_dumetorum,cup
Acrocephalus_familiaris,cup
Acrocephalus_gracilirostris,cup
Acrocephalus_kerearako,cup
Acrocephalus_melanopogon,cup
Acrocephalus_mendanae,cup
Acrocephalus_newtoni,cup
Acrocephalus_orientalis,cup
Acrocephalus_paludicola,cup
Acrocephalus_palustris,cup
Acrocephalus_rufescens,cup
Acrocephalus_schoenobaenus,cup
Acrocephalus_scirpaceus,cup
Acrocephalus_sechellensis,cup
Acrocephalus_stentoreus,cup
Acrocephalus_taiti,cup
Acrocephalus_vaughani,cup
Actinodura_egertoni,cup
Actinodura_nipalensis,cup
Actinodura_ramsayi,cup
Aegithalos_bonvaloti,dome
Aegithalos_caudatus,dome
Aegithalos_concinnus,dome
Aegithalos_iouschistos,dome
Aegithalos_leucogenys,dome
Aegithalos_niveogularis,dome
Aegithina_tiphia,cup
Aethopyga_boltoni,dome
Aethopyga_christinae,dome
Aethopyga_duyvenbodei,dome
Aethopyga_flagrans,dome
Aethopyga_primigenia,dome
Aethopyga_siparaja,dome
Agelaioides_badius,cup
Agelaius_humeralis,cup
Agelaius_phoeniceus,cup
Agelaius_tricolor,cup
Agelaius_xanthomus,cup
Agelasticus_cyanopus,cup
Agelasticus_thilius,cup
Agelasticus_xanthophthalmus,cup
Agriornis_micropterus,cup
Agriornis_murinus,cup
Sturnia_philippensis,cavity
Sturnia_sturnina,cavity
Ailuroedus_crassirostris,cup
Ailuroedus_melanotis,cup
Aimophila_rufescens,cup
Aimophila_ruficeps,cup
Alaemon_alaudipes,cup
Alario_alario,cup
Alauda_arvensis,cup
Alauda_gulgula,cup
Alcippe_grotei,cup
Alcippe_morrisonia,cup
Alcippe_peracensis,cup
Alcippe_poioicephala,cup
Aleadryas_rufinucha,cup
Alectrurus_risora,cup
Alectrurus_tricolor,cup
Alethe_castanea,cavity
Alethe_diademata,cavity or cup
Alophoixus_bres,cup
Alophoixus_flaveolus,cup
Alophoixus_ochraceus,cup
Alophoixus_pallidus,cup
Alopochelidon_fucata,cavity
Amadina_erythrocephala,cavity
Amadina_fasciata,cavity or dome
Amalocichla_incerta,cup
Amandava_amandava,dome
Sporaeginthus_subflavus,dome
Amaurospiza_moesta,cup
Amblycercus_holosericeus,cup
Amblyornis_inornata,cup
Amblyornis_macgregoriae,cup
Amblyornis_subalaris,cup
Amblyospiza_albifrons,dome
Amblyramphus_holosericeus,cup
Ammodramus_aurifrons,cup
Ammodramus_bairdii,cup
Ammodramus_caudacutus,cup
Ammodramus_henslowii,cup
Ammodramus_humeralis,cup
Ammodramus_leconteii,cup
Ammodramus_maritimus,cup
Ammodramus_nelsoni,cup
Ammodramus_savannarum,cup
Ammomanes_cinctura,cup
Ammomanes_deserti,cup
Ammomanes_phoenicura,cup
Ammomanopsis_grayi,cup or dome
Ampeliceps_coronatus,cavity
Ampelion_rubrocristatus,cup
Ampelion_rufaxilla,cup
Amphispiza_bilineata,cup
Amphispiza_quinquestriata,cup
Amytornis_ballarae,dome
Amytornis_barbatus,dome
Amytornis_dorotheae,dome
Amytornis_goyderi,dome
Amytornis_housei,dome
Amytornis_purnelli,dome
Amytornis_striatus,dome
Amytornis_textilis,dome
Amytornis_woodwardi,dome
Anabacerthia_striaticollis,cavity
Anabazenops_dorsalis,cavity
Anabazenops_fuscus,cavity
Anairetes_alpinus,cup
Anairetes_flavirostris,cup
Anairetes_parulus,cup
Stelgidillas_gracilirostris,cup
Eurillas_gracilis,cup
Andropadus_importunus,cup
Eurillas_latirostris,cup
Arizelocichla_masukuensis,cup
Arizelocichla_milanjensis,cup
Arizelocichla_nigriceps,cup
Arizelocichla_tephrolaemus,cup
Eurillas_virens,cup
Anisognathus_melanogenys,cup
Anisognathus_notabilis,cup
Anisognathus_somptuosus,cup
Anomalospiza_imberbis,dome
Anthochaera_carunculata,cup
Anthochaera_chrysoptera,cup
Anthochaera_lunulata,cup
Anthochaera_paradoxa,cup
Anthochaera_phrygia,cup
Hedydipna_collaris,dome
Anthornis_melanura,cavity or cup
Anthoscopus_minutus,dome
Anthreptes_malacensis,dome
Anthreptes_orientalis,dome
Anthreptes_rectirostris,dome
Anthus_berthelotii,cup
Anthus_brachyurus,cup
Anthus_campestris,cup
Anthus_cervinus,cup
Anthus_cinnamomeus,cup
Anthus_correndera,cup
Anthus_godlewskii,cup
Anthus_gustavi,cup
Anthus_hodgsoni,cup
Anthus_lutescens,dome
Anthus_petrosus,cavity or cup
Anthus_pratensis,cup
Anthus_richardi,cup
Anthus_rubescens,cup
Anthus_spinoletta,cup
Anthus_spragueii,cup
Anthus_trivialis,cup
Antilophia_galeata,cup
Anumbius_annumbi,dome
Apalis_binotata,dome
Apalis_cinerea,dome
Apalis_flavida,dome
Apalis_jacksoni,cup
Apalis_melanocephala,dome
Apalis_pulchra,dome
Apalis_ruwenzorii,dome
Apalis_thoracica,dome
Aphelocephala_leucopsis,dome
Aphelocephala_nigricincta,dome
Aphelocoma_californica,cup
Aphelocoma_coerulescens,cup
Aphelocoma_insularis,cup
Aphelocoma_ultramarina,cup
Aphelocoma_unicolor,cup
Aphrastura_spinicauda,cavity
Aplonis_brunneicapillus,dome
Aplonis_cantoroides,cavity
Aplonis_cinerascens,cavity
Aplonis_grandis,dome
Aplonis_insularis,cavity
Aplonis_metallica,dome
Aplonis_minor,cavity
Aplonis_panayensis,cavity
Aplonis_pelzelni,cavity
Aplonis_tabuensis,cavity
Arachnothera_affinis,dome
Arachnothera_chrysogenys,dome
Arachnothera_longirostra,dome
Arachnothera_magna,dome
Arachnothera_robusta,dome
Archboldia_papuensis,cup
Arremon_aurantiirostris,dome
Arremon_brunneinucha,cup
Arremon_castaneiceps,dome
Arremon_flavirostris,cup
Arremon_schlegeli,dome
Arremon_torquatus,cup
Arremon_virenticeps,cup
Arremonops_chloronotus,dome
Arremonops_conirostris,dome
Arremonops_rufivirgatus,dome
Arses_telescophthalmus,cup
Artamella_viridis,cup
Artamus_cinereus,cup
Artamus_cyanopterus,cup
Artamus_leucorynchus,cup
Artamus_minor,cup
Artamus_personatus,cup
Artamus_superciliosus,cup
Amphispiza_belli,cup
Artisornis_metopias,cup
Arundinicola_leucocephala,dome
Ashbyia_lovensis,cup
Asthenes_anthoides,dome
Asthenes_baeri,dome
Pseudasthenes_cactorum,cup
Asthenes_dorbignyi,dome
Pseudasthenes_humicola,dome
Asthenes_humilis,dome
Pseudasthenes_patagonica,dome
Asthenes_pyrrholeuca,dome
Asthenes_sclateri,dome
Pseudasthenes_steinbachi,dome
Asthenes_wyatti,dome
Astrapia_rothschildi,cup
Atlapetes_albinucha,cup
Atlapetes_citrinellus,cup
Atlapetes_latinuchus,cup
Atlapetes_pileatus,cup
Atrichornis_clamosus,dome
Atticora_fasciata,cavity
Pygochelidon_melanoleuca,cavity
Attila_rufus,cavity
Attila_spadiceus,cavity
Auriparus_flaviceps,dome
Automolus_infuscatus,cavity
Automolus_leucophthalmus,cavity
Automolus_ochrolaemus,cavity
Automolus_rubiginosus,cavity
Babax_lanceolatus,cup
Baeolophus_atricristatus,cavity
Baeolophus_bicolor,cavity
Baeolophus_inornatus,cavity
Baeolophus_ridgwayi,cavity
Baeolophus_wollweberi,cavity
Baeopogon_clamans,cup
Baeopogon_indicator,cup
Bangsia_arcaei,cavity or dome
Bangsia_aureocincta,dome
Bangsia_edwardsi,cup
Bangsia_rothschildi,dome
Myiothlypis_conspicillatus,dome
Myiothlypis_coronatus,dome
Basileuterus_culicivorus,dome
Myiothlypis_flaveolus,dome
Myiothlypis_fulvicauda,dome
Myiothlypis_leucoblepharus,dome
Myiothlypis_leucophrys,dome
Basileuterus_melanogenys,dome
Myiothlypis_nigrocristatus,dome
Basileuterus_rufifrons,dome
Basileuterus_trifasciatus,dome
Basileuterus_tristriatus,dome
Basilornis_mirandus,cavity
Batara_cinerea,cup
Bathmocercus_rufus,dome
Batis_capensis,cup
Batis_minor,cup
Batis_mixta,cup
Batis_molitor,cup
Batis_pririt,cup
Batis_soror,cup
Bias_musicus,cup
Bleda_canicapillus,cup
Bleda_notatus,cup
Bleda_syndactylus,cup
Bombycilla_cedrorum,cup
Bombycilla_garrulus,cup
Bombycilla_japonica,cup
Brachypteryx_leucophrys,dome
Brachypteryx_montana,dome
Bradornis_infuscatus,cup
Bradornis_mariquensis,cup
Bradornis_microrhynchus,cup
Bradornis_pallidus,cup
Bradypterus_alishanensis,cup
Bradypterus_baboecala,cup
Bradypterus_barratti,cup
Bradypterus_cinnamomeus,cup
Bradypterus_davidi,dome
Bradypterus_lopezi,cup
Bradypterus_luteoventris,cup or dome
Bradypterus_major,cup
Bradypterus_sylvaticus,cup
Bradypterus_tacsanowskius,cup
Bradypterus_thoracicus,cup or dome
Cryptillas_victorini,cup
Bubalornis_albirostris,dome
Bubalornis_niger,dome
Bucanetes_githagineus,cavity
Buphagus_africanus,cavity
Buphagus_erythrorhynchus,cavity
Cacicus_cela,dome
Cacicus_chrysopterus,cup
Cacicus_haemorrhous,dome
Cacicus_sclateri,cup
Calamanthus_campestris,dome
Calamanthus_fuliginosus,dome
Calamospiza_melanocorys,cup
Calandrella_acutirostris,cup
Calandrella_brachydactyla,cup
Calandrella_rufescens,cup
Calcarius_lapponicus,cup
Calcarius_ornatus,cup
Calcarius_pictus,cup
Calendulauda_albescens,dome
Calendulauda_barlowi,dome
Calendulauda_burra,dome
Calendulauda_erythrochlamys,dome
Calendulauda_sabota,dome
Calocitta_colliei,cup
Calocitta_formosa,cup
Calyptocichla_serina,cup
Calyptomena_viridis,dome
Calyptophilus_frugivorus,cup
Calyptophilus_tertius,cup
Camarhynchus_heliobates,dome
Camarhynchus_pallidus,dome
Camarhynchus_parvulus,dome
Camarhynchus_pauper,dome
Camarhynchus_psittacula,dome
Camaroptera_brachyura,dome
Camaroptera_chloronota,cup
Campephaga_flava,cup
Campephaga_petiti,cup
Campephaga_phoeniceaB,cup
Saxicola_bifasciatus,cavity
Camptostoma_imberbe,dome
Camptostoma_obsoletum,dome
Campylorhamphus_falcularius,cavity
Campylorhamphus_procurvoides,cavity
Campylorhamphus_trochilirostris,cavity
Campylorhynchus_albobrunneus,dome
Campylorhynchus_brunneicapillus,cup
Campylorhynchus_chiapensis,dome
Campylorhynchus_fasciatus,dome
Campylorhynchus_griseus,dome
Campylorhynchus_gularis,dome
Campylorhynchus_jocosus,dome
Campylorhynchus_megalopterus,dome
Campylorhynchus_nuchalis,dome
Campylorhynchus_rufinucha,dome
Campylorhynchus_turdinus,cavity
Campylorhynchus_yucatanicus,dome
Campylorhynchus_zonatus,dome
Capsiempis_flaveola,cup
Cardellina_rubrifrons,cup
Cardinalis_cardinalis,cup
Cardinalis_phoeniceus,cup
Cardinalis_sinuatus,cup
Chloris_ambigua,cup
Spinus_barbatus,cup
Carduelis_cannabina,cup
Carduelis_carduelis,cup
Chloris_chloris,cup
Serinus_citrinella,cup
Serinus_corsicanus,cup
Spinus_cucullatus,cup
Acanthis_flammea,cup
Carduelis_flavirostris,cup
Acanthis_hornemanni,cup
Spinus_lawrencei,cup
Spinus_pinus,cup
Spinus_psaltria,cup
Chloris_sinica,cup
Chloris_spinoides,cup
Spinus_spinus,dome
Spinus_tristis,cup
Spinus_xanthogastrus,cup
Carpodacus_cassinii,cup
Carpodacus_erythrinus,cup
Carpodacus_mexicanus,cup
Carpodacus_roseus,cup
Carpodacus_rubicilla,cup
Carpodacus_rubicilloides,cup
Carpodacus_thura,cup
Carpodacus_trifasciatus,cup
Carpornis_melanocephala,cup
Carpospiza_brachydactyla,dome
Caryothraustes_canadensis,cup
Caryothraustes_poliogaster,cup
Casiornis_rufus,cavity
Cacicus_melanicterus,cup
Catamenia_inornata,cup
Catharopeza_bishopi,cup
Catharus_aurantiirostris,cup
Catharus_bicknelli,cup
Catharus_frantzii,cup
Catharus_fuscater,cup
Catharus_fuscescens,cup
Catharus_gracilirostris,cup
Catharus_guttatus,cup
Catharus_mexicanus,cup
Catharus_minimus,cup
Catharus_occidentalis,cup
Catharus_ustulatus,cup
Catherpes_mexicanus,cavity
Cecropis_abyssinica,dome
Cecropis_cucullata,dome
Cecropis_daurica,dome
Cecropis_semirufa,dome
Cecropis_striolata,dome
Cephalopterus_ornatus,cup
Cercomacra_carbonaria,cup
Cercomacra_laeta,cup
Cercomacra_manu,cup
Cercomacra_melanaria,cup
Cercomacra_serva,cup
Cercomacra_tyrannina,dome
Cercomela_familiaris,cavity
Cercomela_fusca,cavity
Cercomela_melanura,cup
Cercomela_schlegelii,cup
Cercomela_scotocerca,cavity
Cercomela_sinuata,cavity
Cercomela_tractrac,cup
Cercotrichas_podobe,cavity or cup
Certhia_americana,cavity
Certhia_brachydactyla,cavity
Certhia_familiaris,cavity
Certhia_himalayana,cavity
Certhia_manipurensis,cavity
Certhiaxis_cinnamomeus,dome
Certhidea_fusca,dome
Certhidea_olivacea,dome
Certhilauda_benguelensis,cup
Certhilauda_brevirostris,cup
Certhilauda_chuana,cup
Certhilauda_semitorquata,cup
Certhilauda_subcoronata,cup
Certhionyx_variegatus,cup
Cettia_acanthizoides,cup or dome
Cettia_annae,dome
Cettia_brunnifrons,dome
Cettia_cetti,cup
Cettia_diphone,dome
Cettia_flavolivacea,dome
Cettia_fortipes,dome
Cettia_ruficapilla,dome
Cettia_vulcania,dome
Chaetops_frenatus,cup
Chaetorhynchus_papuensis,cup
Phoenicurus_leucocephalus,cavity
Chalcomitra_adelberti,dome
Chalcomitra_balfouri,dome
Chalcomitra_senegalensis,dome
Chamaea_fasciata,cup
Chamaeza_campanisona,cavity
Chamaeza_nobilis,cavity
Chasiempis_sandwichensis,cup
Cheramoeca_leucosterna,cavity
Chersomanes_albofasciata,cup
Chersophilus_duponti,cup
Ochetorhynchus_melanurus,cavity
Chiroxiphia_boliviana,cup
Chiroxiphia_caudata,cup
Chiroxiphia_linearis,cup
Chiroxiphia_pareola,cup
Chlamydera_cerviniventris,cup
Chlamydera_lauterbachi,cup
Chlamydera_maculata,cup
Chlamydera_nuchalis,cup
Chlamydochaera_jefferyi,cup
Chlorocharis_emiliae,cup
Chlorochrysa_calliparaea,cup
Chlorochrysa_phoenicotis,cup
Atimastillas_flavicollis,cup
Chlorocichla_flaviventris,cup
Hemignathus_kauaiensis,cup
Hemignathus_virens,cup
Chloropeta_natalensis,cup
Chloropeta_similis,cup
Chlorophanes_spiza,cup
Telophorus_bocagei,cup
Telophorus_nigrifrons,cup
Telophorus_sulfureopectus,cup
Chlorophonia_flavirostris,dome
Chlorophonia_occipitalis,dome
Xenopipo_holochlora,cup
Chloropsis_cochinchinensis,cup
Chloropsis_hardwickii,cup
Chloropsis_sonnerati,cup
Chlorornis_riefferii,cup
Chlorospingus_flavigularis,cup
Chlorospingus_ophthalmicus,cup
Chlorospingus_parvirostris,cup
Chlorospingus_pileatus,cup
Chlorospingus_semifuscus,cup
Chlorospingus_tacarcunae,cavity
Chlorothraupis_carmioli,cup
Chlorothraupis_stolzmanni,cup
Chondestes_grammacus,cup
Minla_strigula,cup
Chrysomma_sinense,cup
Chrysomus_icterocephalus,cup
Chrysomus_ruficapillus,cup
Chrysothlypis_chrysomelas,cup
Pyrrholaemus_sagittatus,dome
Cichladusa_guttata,cup
Turdus_lherminieri,cup
Cichlopsis_leucogenys,cup
Cicinnurus_regius,cavity
Cinclocerthia_gutturalis,cup
Cinclocerthia_ruficauda,cup
Cinclodes_atacamensis,cavity
Cinclodes_fuscus,cavity
Cinclodes_nigrofumosus,cavity
Cinclodes_oustaleti,cavity
Cinclodes_patagonicus,cavity
Cincloramphus_cruralis,cup
Cincloramphus_mathewsi,dome
Cinclosoma_punctatum,cup
Cinclus_cinclus,cavity
Cinclus_mexicanus,dome
Cinclus_pallasii,dome
Cinnyricinclus_leucogaster,cavity
Cinnyris_bouvieri,dome
Cinnyris_coquerellii,dome
Cinnyris_cupreus,dome
Cinnyris_dussumieri,dome
Cinnyris_erythrocercus,dome
Cinnyris_humbloti,dome
Cinnyris_jugularis,dome
Cinnyris_mariquensis,dome
Cinnyris_minullus,dome
Cinnyris_notatus,dome
Cinnyris_pulchellus,dome
Cinnyris_souimanga,dome
Cinnyris_superbus,dome
Cinnyris_talatala,dome
Cinnyris_venustus,dome
Cissa_chinensis,cup
Cissomela_pectoralis,cup
Cissopis_leverianus,cup
Cisticola_anonymus,dome
Cisticola_cantans,cup
Cisticola_cherina,dome
Cisticola_fulvicapilla,dome
Cisticola_galactotes,dome
Cisticola_juncidis,dome
Cistothorus_palustris,dome
Cistothorus_platensis,dome
Cleptornis_marchei,cup
Climacteris_picumnus,cavity
Climacteris_rufus,cavity
Clypicterus_oseryi,cup
Clytomyias_insignis,dome
Clytorhynchus_pachycephaloides,cup
Clytospiza_monteiri,dome
Cnemarchus_erythropygius,cup
Cnemophilus_loriae,dome
Cnemotriccus_fuscatus,cup
Cnipodectes_subbrunneus,dome
Coccopygia_melanotis,dome
Coccopygia_quartinia,dome
Coccothraustes_coccothraustes,cup
Cochoa_viridis,cup
Coereba_flaveola,dome
Colluricincla_boweri,cup
Colluricincla_harmonica,cavity or cup
Colluricincla_megarhyncha,cup
Colluricincla_woodwardi,cavity or cup
Colonia_colonus,cavity
Colorhamphus_parvirostris,cup
Compsospiza_baeri,cup
Compsospiza_garleppi,cup
Conioptilon_mcilhennyi,cup
Conirostrum_bicolor,cup
Conirostrum_speciosum,cup
Conopophaga_aurita,cup
Conopophaga_peruviana,cup
Conopophila_albogularis,cup
Conothraupis_speculigera,cup
Contopus_cinereus,cup
Contopus_cooperi,cup
Contopus_fumigatus,cup
Contopus_latirostris,cup
Contopus_pertinax,cup
Contopus_sordidulus,cup
Contopus_virens,cup
Copsychus_albospecularis,cavity
Copsychus_luzoniensis,cavity
Copsychus_malabaricus,cavity
Copsychus_saularis,cavity
Copsychus_sechellarum,cavity
Coracina_azurea,cup
Coracina_boyeri,cup
Coracina_caesia,cup
Coracina_cinerea,cup
Coracina_fimbriata,cup
Coracina_lineata,cup
Coracina_longicauda,cup
Coracina_macei,cup
Coracina_melanoptera,cup
Coracina_melaschistos,cup
Coracina_newtoni,cup
Coracina_novaehollandiae,cup
Coracina_papuensis,cup
Coracina_pectoralis,cup
Coracina_polioptera,cup
Coracina_striata,cup
Coracina_tenuirostris,cup
Coracina_typica,cup
Corapipo_gutturalis,cup
Corapipo_leucorrhoa,cup
Corcorax_melanorhamphos,cup
Cormobates_leucophaea,cavity
Corvinella_corvina,cup
Corvus_albicollis,cup
Corvus_albus,cup
Corvus_brachyrhynchos,cup
Corvus_caurinus,cup
Corvus_corax,cup
Corvus_cornix,cup
Corvus_corone,cup
Corvus_coronoides,cup
Corvus_cryptoleucus,cup
Corvus_dauuricus,cup
Corvus_frugilegus,cup
Corvus_macrorhynchos,cup
Corvus_monedula,cavity or cup
Corvus_nasicus,cup
Corvus_orru,cup
Corvus_ossifragus,cup
Corvus_splendens,cup
Corydon_sumatranus,dome
Coryphistera_alaudina,dome
Coryphospingus_cucullatus,cup
Corythopis_delalandi,dome
Corythopis_torquatus,dome
Cossypha_albicapilla,cavity
Cossypha_anomala,cup
Cossypha_archeri,cup
Cossypha_caffra,cavity
Cossypha_cyanocampter,cup
Cossypha_dichroa,cavity
Cossypha_heuglini,cavity
Cossypha_humeralis,cavity
Cossypha_isabellae,dome
Cossypha_niveicapilla,cavity or cup
Cossypha_semirufa,cavity or cup
Xipholena_punicea,cup
Cracticus_nigrogularis,cup
Cracticus_quoyi,cup
Gymnorhina_tibicen,cup
Cranioleuca_albicapilla,dome
Cranioleuca_albiceps,dome
Cranioleuca_antisiensis,dome
Cranioleuca_demissa,dome
Cranioleuca_erythrops,cup
Cranioleuca_marcapatae,dome
Cranioleuca_obsoleta,dome
Cranioleuca_pyrrhophia,dome
Cranioleuca_subcristata,dome
Cranioleuca_sulphurifera,dome
Cranioleuca_vulpina,dome
Crateroscelis_robusta,dome
Creatophora_cinerea,dome
Criniger_calurus,cup
Criniger_chloronotus,cup
Crossleyia_xanthophrys,cup
Crypsirina_temia,cup
Cryptospiza_reichenovii,dome
Culicicapa_ceylonensis,cup
Culicivora_caudacuta,cup
Curaeus_curaeus,cup
Cutia_nipalensis,cup
Cyanerpes_caeruleus,cup
Cyanerpes_cyaneus,cup
Cyanerpes_lucidus,cup
Cyanistes_caeruleus,cavity
Cyanocitta_cristata,cup
Cyanocitta_stelleri,cup
Cyanocompsa_brissonii,cup
Cyanocompsa_cyanoides,cup
Cyanocompsa_parellina,cup
Cyanocorax_affinis,cup
Cyanocorax_beecheii,cup
Cyanocorax_caeruleus,cup
Cyanocorax_cayanus,cup
Cyanocorax_chrysops,cup
Cyanocorax_cristatellus,cup
Cyanocorax_dickeyi,cup
Cyanocorax_heilprini,cup
Cyanocorax_melanocyaneus,cup
Cyanocorax_sanblasianus,cup
Cyanocorax_violaceus,cup
Cyanocorax_yncas,cup
Cyanocorax_yucatanicus,cup
Cyanolanius_madagascarinus,cup
Cyanoloxia_glaucocaerulea,cup
Cyanolyca_cucullata,cup
Cyanolyca_pulchra,cup
Cyanolyca_turcosa,cup
Cyanomitra_alinae,dome
Cyanomitra_obscura,dome
Cyanomitra_olivacea,dome
Cyanomitra_oritis,dome
Cyanomitra_verticalis,dome
Cyanopica_cooki,cup
Cyanopica_cyanus,cup
Cyanoptila_cyanomelana,cavity
Cyclarhis_gujanensis,cup
Cymbilaimus_lineatus,cup
Cymbirhynchus_macrorhynchos,dome
Cyornis_banyumas,cavity or cup
Cyornis_concretus,cavity
Cyornis_poliogenys,cavity
Cyornis_rubeculoides,cavity
Cyornis_rufigastra,cup
Cyornis_unicolor,cavity
Cyphorhinus_arada,dome
Cypsnagra_hirundinacea,cup
Dacnis_cayana,cup
Dacnis_venusta,cup
Daphoenositta_chrysoptera,cup
Dasyornis_broadbenti,dome
Deconychura_longicauda,cavity
Delichon_dasypus,cup or dome
Delichon_nipalense,dome
Delichon_urbicum,dome
Dendrexetastes_rufigula,cavity
Dendrocincla_anabatina,cavity
Dendrocincla_fuliginosa,cavity
Dendrocincla_homochroa,cavity
Dendrocincla_merula,cavity
Dendrocincla_turdina,cavity
Dendrocitta_formosae,cup
Dendrocolaptes_certhia,cavity
Dendrocolaptes_picumnus,cavity
Dendrocolaptes_platyrostris,cavity
Setophaga_adelaidae,cup
Setophaga_angelae,cup
Setophaga_caerulescens,cup
Setophaga_castanea,cup
Setophaga_cerulea,cup
Setophaga_chrysoparia,cup
Setophaga_coronata,cup
Setophaga_discolor,cup
Setophaga_dominica,cup
Setophaga_fusca,cup
Setophaga_graciae,cup
Setophaga_kirtlandii,cup
Setophaga_magnolia,cup
Setophaga_nigrescens,cup
Setophaga_occidentalis,cup
Setophaga_palmarum,cup
Setophaga_pensylvanica,cup
Setophaga_petechia,cup
Setophaga_pharetra,cup
Setophaga_pinus,cup
Setophaga_pityophila,cup
Setophaga_plumbea,cup
Setophaga_striata,cup
Setophaga_tigrina,cup
Setophaga_townsendi,cup
Setophaga_virens,cavity or cup
Setophaga_vitellina,cup
Dicaeum_aeneum,dome
Dicaeum_agile,cup
Dicaeum_celebicum,dome
Dicaeum_chrysorrheum,cup
Dicaeum_concolor,dome
Dicaeum_cruentatum,dome
Dicaeum_everetti,cup
Dicaeum_geelvinkianum,dome
Dicaeum_hirundinaceum,dome
Dicaeum_ignipectum,cup
Dicaeum_nigrilore,dome
Dicaeum_trigonostigma,dome
Dichrozona_cincta,cup
Dicrurus_adsimilis,cup
Dicrurus_aeneus,cup
Dicrurus_aldabranus,cup
Dicrurus_annectans,cup
Dicrurus_atripennis,cup
Dicrurus_balicassius,cup
Dicrurus_bracteatus,cup
Dicrurus_forficatus,cup
Dicrurus_fuscipennis,cup
Dicrurus_hottentottus,cup
Dicrurus_leucophaeus,cup
Dicrurus_ludwigii,cup
Dicrurus_macrocercus,cup
Dicrurus_modestus,cup
Dicrurus_paradiseus,cup
Dicrurus_remifer,cup
Dicrurus_waldenii,cup
Diglossa_albilatera,cup
Diglossa_baritula,cup
Diglossa_brunneiventris,cup
Diglossa_caerulescens,cup
Diglossa_cyanea,cup
Diglossa_gloriosa,cup
Diglossa_humeralis,cup
Diglossa_lafresnayii,cup
Diglossa_major,cup
Diglossa_plumbea,cup
Diglossa_sittoides,cup
Diglossa_venezuelensis,cup
Dinemellia_dinemelli,dome
Diuca_diuca,cup
Dives_warszewiczi,cup
Pipra_pipra,cup
Dolichonyx_oryzivorus,cup
Donacobius_atricapilla,cup
Donacospiza_albifrons,dome
Vestiaria_coccinea,cup
Epimachus_albertisi,cup
Drymodes_brunneopygia,cup
Drymophila_devillei,dome
Drymophila_ferruginea,cup
Drymophila_rubricollis,cup
Drymophila_squamata,cup
Drymornis_bridgesii,cavity
Garrulax_chinensis,cup
Garrulax_poecilorhynchus,cup
Garrulax_vassali,cup
Dryoscopus_cubla,cup
Dryoscopus_gambensis,cup
Dulus_dominicus,cavity
Dumetella_carolinensis,cup
Dumetia_hyperythra,dome
Platysteira_blissetti,cup
Platysteira_castanea,cup
Platysteira_concreta,cup
Platysteira_tonsa,cup
Dysithamnus_mentalis,cup
Dysithamnus_plumbeus,cup
Dysithamnus_puncticeps,cup
Elaenia_albiceps,cup
Elaenia_chiriquensis,cup
Elaenia_cristata,cup
Elaenia_fallax,cup
Elaenia_flavogaster,cup
Elaenia_frantzii,cup
Elaenia_gigas,cup
Elaenia_martinica,cup
Elaenia_mesoleuca,cup
Elaenia_obscura,cup
Elaenia_pallatangae,cup
Elaenia_parvirostris,cup
Elaenia_pelzelni,cup
Elaenia_ruficeps,cup
Elaenia_spectabilis,cup
Elaenia_strepera,cup
Elminia_albicauda,cup
Elminia_albiventris,cup
Elminia_albonotata,cup
Elminia_longicauda,cup
Elminia_nigromitrata,cup
Emberiza_affinis,cavity
Emberiza_aureola,cup
Emberiza_bruniceps,cup
Emberiza_buchanani,cup
Emberiza_cabanisi,cup
Emberiza_caesia,cup
Emberiza_calandra,cup
Emberiza_capensis,cup
Emberiza_chrysophrys,cup
Emberiza_cia,cup
Emberiza_cioides,cup
Emberiza_cirlus,cup
Emberiza_citrinella,cup
Emberiza_elegans,cup
Emberiza_flaviventris,cup
Emberiza_godlewskii,cup
Emberiza_hortulana,cup
Emberiza_impetuani,cup
Emberiza_jankowskii,cup
Emberiza_leucocephalos,cup
Emberiza_melanocephala,cup
Emberiza_pallasi,cup
Emberiza_rustica,cup
Emberiza_rutila,cup
Emberiza_schoeniclus,cup
Emberiza_spodocephala,cup
Emberiza_stewarti,cup
Emberiza_striolata,cup
Emberiza_sulphurata,cup
Emberiza_tahapisi,cup
Emberiza_tristrami,cup
Emberiza_yessoensis,cup
Emberizoides_herbicola,cup
Emberizoides_ypiranganus,cup
Embernagra_platensis,cup
Emblema_pictum,dome
Eminia_lepida,dome
Empidonax_affinis,cup
Empidonax_albigularis,cup
Empidonax_alnorum,cup
Empidonax_atriceps,cup
Empidonax_difficilis,cavity or cup
Empidonax_flavescens,cup
Empidonax_flaviventris,cup
Empidonax_fulvifrons,cup
Empidonax_hammondii,cup
Empidonax_minimus,cup
Empidonax_oberholseri,cup
Empidonax_occidentalis,cavity or cup
Empidonax_traillii,cup
Empidonax_virescens,cup
Empidonax_wrightii,cup
Empidonomus_varius,cup
Empidornis_semipartitus,dome
Enicurus_leschenaulti,cup
Enicurus_maculatus,cup
Enicurus_ruficapillus,cup
Enicurus_schistaceus,cup or dome
Enicurus_scouleri,cavity
Enodes_erythrophris,cavity
Entomodestes_coracinus,cup
Entomyzon_cyanotis,cup
Eophona_migratoria,cup
Eophona_personata,cup
Eopsaltria_australis,cup
Eopsaltria_georgiana,cup
Eopsaltria_griseogularis,cup
Epimachus_meyeri,cup
Epthianura_albifrons,cup
Epthianura_aurifrons,cup
Epthianura_crocea,cup
Epthianura_tricolor,cup
Eremalauda_dunni,cup
Eremiornis_carteri,cup
Ochetorhynchus_phoenicurus,cavity
Eremomela_gregalis,cup
Eremophila_alpestris,cavity or cup
Eremophila_bilopha,cup
Bucanetes_mongolicus,cup
Eremopterix_australis,cup
Eremopterix_nigriceps,cup
Eremopterix_verticalis,cup
Cardellina_versicolor,dome
Erithacus_rubecula,cavity
Erpornis_zantholeuca,cup
Erythrocercus_mccallii,dome
Cercotrichas_barbata,cavity
Cercotrichas_coryphaeus,cavity or cup
Cercotrichas_galactotes,cavity or cup
Cercotrichas_hartlaubi,cup
Cercotrichas_leucophrys,cup
Cercotrichas_leucosticta,cavity
Cercotrichas_paena,cup
Cercotrichas_quadrivirgata,cavity or cup
Erythrura_gouldiae,cavity
Erythrura_prasina,dome
Erythrura_trichroa,dome
Estrilda_astrild,dome
Estrilda_atricapilla,dome
Estrilda_caerulescens,dome
Estrilda_erythronotos,dome
Estrilda_melpoda,dome
Estrilda_nonnula,dome
Estrilda_paludicola,dome
Estrilda_perreini,dome
Estrilda_rhodopyga,dome
Estrilda_troglodytes,dome
Eucometis_penicillata,cup
Eugerygone_rubra,cup
Eugralla_paradoxa,dome
Eumyias_indigo,cavity
Eumyias_thalassinus,cavity
Euodice_cantans,dome
Euodice_malabarica,dome
Eupetes_macrocerus,cup
Euphagus_carolinus,cup
Euphagus_cyanocephalus,cup
Euphonia_affinis,dome
Euphonia_chlorotica,dome
Euphonia_cyanocephala,dome
Euphonia_fulvicrissa,dome
Euphonia_gouldi,dome
Euphonia_hirundinacea,dome
Euphonia_laniirostris,dome
Euphonia_musica,dome
Euphonia_pectoralis,dome
Euplectes_afer,dome
Euplectes_albonotatus,dome
Euplectes_ardens,dome
Euplectes_aureus,dome
Euplectes_axillaris,dome
Euplectes_capensis,dome
Euplectes_diadematus,dome
Euplectes_franciscanus,dome
Euplectes_gierowii,dome
Euplectes_hartlaubi,dome
Euplectes_hordeaceus,dome
Euplectes_jacksoni,dome
Euplectes_macroura,dome
Euplectes_nigroventris,dome
Euplectes_orix,dome
Euplectes_progne,dome
Euplectes_psammocromius,dome
Eurocephalus_anguitimens,cup
Eurylaimus_javanicus,dome
Eurylaimus_ochromalus,dome
Euryptila_subcinnamomea,dome
Euscarthmus_meloryphus,cup
Euschistospiza_cinereovinacea,dome
Euschistospiza_dybowskii,dome
Basileuterus_lachrymosus,cup
Falcunculus_frontatus,cup
Ficedula_albicollis,cavity
Ficedula_dumetoria,dome
Ficedula_hodgsonii,cavity or cup
Ficedula_hyperythra,cavity
Ficedula_hypoleuca,cavity
Anthipes_monileger,dome
Ficedula_mugimaki,cup
Ficedula_narcissina,cavity
Ficedula_parva,cavity or dome
Ficedula_sapphira,cavity
Ficedula_semitorquata,cavity
Ficedula_strophiata,cup
Ficedula_subrubra,cavity
Ficedula_superciliaris,cavity
Ficedula_tricolor,cavity or cup
Ficedula_westermanni,cup
Ficedula_zanthopygia,cavity
Fluvicola_pica,dome
Formicarius_analis,cavity
Formicarius_colma,cup
Formicarius_nigricapillus,cavity
Formicivora_grisea,cup
Formicivora_melanogaster,cup
Formicivora_rufa,cup
Foudia_madagascariensis,dome
Foudia_sechellarum,dome
Foulehaio_carunculatus,cup
Fraseria_cinerascens,cavity
Fraseria_ocreata,cavity
Frederickena_unduligera,cup
Frederickena_viridis,cup
Fringilla_coelebs,cup
Fringilla_montifringilla,cup
Fringilla_teydea,cup
Fulvetta_cinereiceps,cup
Fulvetta_striaticollis,cup
Fulvetta_vinipectus,cup
Furnarius_cristatus,dome
Furnarius_figulus,cup
Furnarius_leucopus,dome
Furnarius_rufus,dome
Galerida_cristata,cup
Galerida_magnirostris,cup
Galerida_malabarica,cup
Galerida_theklae,cup
Gampsorhynchus_rufulus,cup
Garrulax_albogularis,cup
Garrulax_leucolophus,cup
Garrulax_pectoralis,cup
Garrulax_perspicillatus,cup
Garrulus_glandarius,cavity or cup
Garrulus_lidthi,cup
Geositta_antarctica,cavity
Geositta_cunicularia,cavity
Geositta_isabellina,cavity
Geositta_maritima,cavity
Geositta_peruviana,cavity
Geositta_poeciloptera,cavity
Geositta_punensis,cavity
Geositta_rufipennis,cavity
Geositta_tenuirostris,cavity
Geospiza_conirostris,dome
Geospiza_difficilis,dome
Geospiza_fortis,dome
Geospiza_fuliginosa,dome
Geospiza_magnirostris,dome
Geospiza_scandens,dome
Geothlypis_aequinoctialis,cup
Geothlypis_beldingi,cup
Geothlypis_nelsoni,cup
Geothlypis_poliocephala,cup
Geothlypis_rostrata,cup
Geothlypis_semiflava,cup
Geothlypis_trichas,cup
Gerygone_chloronota,dome
Gerygone_chrysogaster,dome
Gerygone_fusca,dome
Gerygone_igata,dome
Gerygone_levigaster,dome
Gerygone_magnirostris,dome
Gerygone_mouki,dome
Gerygone_olivacea,dome
Gerygone_palpebrosa,dome
Gliciphila_melanops,cup
Glyphorynchus_spirurus,cavity
Gnorimopsar_chopi,cavity
Gracula_ptilogenys,cavity
Gracula_religiosa,cavity
Gracupica_contra,dome
Gracupica_nigricollis,dome
Grallaria_andicolus,cup
Grallaria_guatimalensis,cup
Grallaria_ridgelyi,cup
Grallaria_ruficapilla,cup
Grallaria_rufula,cup
Grallaria_squamigera,cup
Grallaria_varia,cup
Grallaricula_flavirostris,cup
Grallaricula_lineifrons,cup
Grallaricula_nana,cup
Grallina_cyanoleuca,cup
Graminicola_bengalensis,cup
Granatellus_sallaei,cup
Granatellus_venustus,cup
Granatina_granatina,dome
Granatina_ianthinogaster,dome
Grantiella_picta,cup
Empidonomus_aurantioatrocristatus,cup
Gubernatrix_cristata,cup
Gubernetes_yetapa,cup
Gyalophylax_hellmayri,dome
Gymnocichla_nudiceps,dome
Gymnoderus_foetidus,cup
Gymnomystax_mexicanus,cup
Gymnopithys_leucaspis,cup
Gymnopithys_rufigula,cup
Gymnopithys_salvini,cavity or cup
Gymnorhinus_cyanocephalus,cup
Petronia_dentata,cavity
Habia_fuscicauda,cup
Habia_gutturalis,cup
Habia_rubica,cup
Haematoderus_militaris,cup
Haematospiza_sipahi,cup
Orochelidon_andecola,cavity
Haplospiza_rustica,dome
Hartertula_flavoviridis,dome
Saroglossa_aurata,cavity
Prinia_erythroptera,dome
Helmitheros_vermivorum,cup
Hemipus_hirundinaceus,cup
Hemipus_picatus,cup
Hemithraupis_flavicollis,cup
Hemitriccus_diops,dome
Hemitriccus_margaritaceiventer,dome
Hemitriccus_nidipendulus,dome
Hemixos_castanonotus,cup
Hemixos_cinereus,cup
Hemixos_flavala,cup
Henicorhina_leucophrys,dome
Henicorhina_leucosticta,dome
Herpsilochmus_longirostris,cup
Coccothraustes_vespertinus,cup
Heterocercus_flavivertex,cup
Heteromunia_pectoralis,dome
Heteromyias_albispecularis,cup
Himatione_sanguinea,cup
Hippolais_caligata,cup
Hippolais_icterina,cup
Hippolais_languida,cup
Hippolais_olivetorum,cup
Hippolais_opaca,cup
Hippolais_pallida,cup
Hippolais_polyglotta,cup
Hippolais_rama,cup
Hirundo_aethiopica,cup
Hirundo_albigularis,cup
Hirundo_angolensis,cup
Hirundo_atrocaerulea,cup
Hirundo_dimidiata,cup
Hirundo_leucosoma,cup
Hirundo_lucida,cup
Hirundo_megaensis,cup
Hirundo_neoxena,cup
Hirundo_nigrita,cup
Hirundo_nigrorufa,cup
Hirundo_rustica,cavity or cup
Hirundo_smithii,cup
Hirundo_tahitica,cup
Luscinia_phaenicuroides,cup
Horizorhinus_dohrni,cup
Hylacola_cauta,dome
Hylacola_pyrrhopygia,dome
Hylexetastes_perrotii,cavity
Hylia_prasina,dome
Hyliota_flavigaster,cup
Hylocichla_mustelina,cup
Hylocryptus_erythrocephalus,cavity
Hyloctistes_subulatus,cavity
Hylophilus_decurtatus,cup
Hylophilus_ochraceiceps,cup
Hylophylax_naevioides,cup
Hylophylax_naevius,cup
Willisornis_poecilinotus,dome
Lamprotornis_cupreocauda,cavity
Lamprotornis_purpureiceps,cavity
Hymenops_perspicillatus,cup
Hypargos_margaritatus,dome
Hypargos_niveoguttatus,dome
Hypergerus_atriceps,dome
Hypocnemis_cantator,cup
Hypocnemis_hypoxantha,cup
Hypocolius_ampelinus,cup
Hypogramma_hypogrammicum,dome
Hypopyrrhus_pyrohypogaster,cup
Hypothymis_azurea,cup
Hypothymis_helenae,cup
Hypsipetes_borbonicus,cup
Hypsipetes_crassirostris,cup
Hypsipetes_leucocephalus,cup
Hypsipetes_olivaceus,cup
Hypsipetes_parvirostris,cup
Garrulax_cineraceus,cup
Garrulax_maximus,cup
Garrulax_ocellatus,cup
Icteria_virens,cup
Icterus_auratus,cup
Icterus_bonana,cup
Icterus_bullockii,cup
Icterus_cayanensis,cup
Icterus_chrysater,cup
Icterus_chrysocephalus,cup
Icterus_croconotus,dome
Icterus_cucullatus,cup or dome
Icterus_dominicensis,cup
Icterus_galbula,cup
Icterus_graceannae,cup
Icterus_graduacauda,cup
Icterus_gularis,dome
Icterus_icterus,cup or dome
Icterus_jamacaii,dome
Icterus_laudabilis,cup
Icterus_leucopteryx,cup
Icterus_mesomelas,cup
Icterus_nigrogularis,cup
Icterus_oberi,cup
Icterus_parisorum,cup
Icterus_pectoralis,cup
Icterus_prosthemelas,cup
Icterus_spurius,cup
Icterus_wagleri,cup
Ilicura_militaris,cup
Illadopsis_albipectus,cup
Illadopsis_cleaveri,cup
Illadopsis_fulvescens,cup
Illadopsis_puveli,cup
Illadopsis_pyrrhoptera,cup
Illadopsis_rufipennis,cup
Incana_incanus,dome
Inezia_caudata,cup
Inezia_subflava,cup
Iodopleura_fusca,cup
Iodopleura_isabellae,cup
Iole_propinqua,cup
Irania_gutturalis,cavity
Irena_cyanogastra,cup
Irena_puella,cup
Ixonotus_guttatus,cup
Ixoreus_naevius,cup
Ixos_malaccensis,cup
Ixos_mcclellandii,cup
Hypsipetes_philippinus,cup
Junco_hyemalis,cup
Junco_phaeonotus,cup
Kakamega_poliothorax,cup
Kenopia_striata,cup
Knipolegus_aterrimus,cup
Knipolegus_cyanirostris,cup
Knipolegus_hudsoni,cup
Knipolegus_lophotes,cup
Knipolegus_nigerrimus,cavity
Knipolegus_signatus,cup
Knipolegus_striaticeps,cup
Kupeornis_gilberti,cup
Lagonosticta_larvata,dome
Lagonosticta_nitidula,dome
Lagonosticta_rara,dome
Lagonosticta_rhodopareia,dome
Lagonosticta_rubricata,dome
Lagonosticta_rufopicta,dome
Lagonosticta_sanguinodorsalis,dome
Lagonosticta_senegala,dome
Lagonosticta_virata,dome
Lalage_leucomela,cup
Lalage_leucopyga,cup
Lalage_leucopygialis,cup
Lalage_nigra,cup
Lalage_tricolor,cup
Lampropsar_tanagrinus,cup
Lamprotornis_acuticaudus,cavity
Spreo_albicapillus,dome
Lamprotornis_australis,cavity
Spreo_bicolor,cavity
Lamprotornis_caudatus,cavity
Lamprotornis_chalcurus,cavity
Lamprotornis_chalybaeus,cavity
Lamprotornis_chloropterus,cavity
Spreo_fischeri,dome
Lamprotornis_hildebrandti,cavity
Lamprotornis_iris,cavity
Lamprotornis_mevesii,cavity
Lamprotornis_nitens,cavity
Lamprotornis_ornatus,cavity
Lamprotornis_pulcher,dome
Lamprotornis_purpureus,cavity
Lamprotornis_purpuroptera,cavity
Lamprotornis_regius,cavity
Lamprotornis_shelleyi,cavity
Lamprotornis_splendidus,cavity
Lamprotornis_superbus,cavity or dome
Spreo_unicolor,cavity
Laniarius_aethiopicus,cup
Laniarius_atrococcineus,cup
Laniarius_atroflavus,cup
Laniarius_barbarus,cup
Laniarius_bicolor,cup
Laniarius_erythrogaster,cup
Laniarius_ferrugineus,cup
Laniarius_fuelleborni,cup
Laniarius_funebris,cup
Laniarius_leucorhynchus,cup
Laniarius_luehderi,cup
Laniarius_poensis,cup
Laniarius_ruficeps,cup
Laniarius_turatii,cup
Lanio_versicolor,cup
Laniocera_hypopyrra,cup
Lanioturdus_torquatus,cup
Lanius_bucephalus,cup
Lanius_cabanisi,cup
Lanius_collaris,cup
Lanius_collurio,cup
Lanius_cristatus,cup
Lanius_dorsalis,cup
Lanius_excubitor,cup
Lanius_excubitoroides,cup
Lanius_isabellinus,cup
Lanius_ludovicianus,cup
Lanius_mackinnoni,cup
Lanius_meridionalis,cup
Lanius_minor,cup
Lanius_nubicus,cup
Lanius_schach,cup
Lanius_senator,cup
Lanius_somalicus,cup
Lanius_sphenocercus,cup
Lanius_tephronotus,cup
Lanius_tigrinus,cup
Lathrotriccus_euleri,cup
Legatus_leucophaius,dome
Leiothrix_lutea,cup
Lepidocolaptes_affinis,cavity
Lepidocolaptes_albolineatus,cavity
Lepidocolaptes_angustirostris,cavity
Lepidocolaptes_falcinellus,cavity
Lepidocolaptes_lacrymiger,cavity
Lepidocolaptes_souleyetii,cavity
Lonchura_nana,dome
Lepidothrix_coeruleocapilla,cup
Lepidothrix_coronata,cup
Lepidothrix_nattereri,cup
Lepidothrix_serena,cup
Leptasthenura_aegithaloides,cavity
Leptasthenura_fuliginiceps,dome
Leptasthenura_platensis,cavity
Leptasthenura_yanacensis,dome
Leptocoma_sericea,dome
Leptocoma_sperata,dome
Leptopoecile_sophiae,dome
Leptopogon_amaurocephalus,dome
Lessonia_oreas,cup
Lessonia_rufa,cup
Garrulax_canorus,cup
Garrulax_taewanus,cup
Leucopsar_rothschildi,cavity
Leucosticte_arctoa,cup
Leucosticte_atrata,cup
Leucosticte_australis,cup
Leucosticte_brandti,cup
Leucosticte_nemoricola,cup
Leucosticte_tephrocotis,cup
Lichenostomus_chrysops,cup
Lichenostomus_cratitius,cup
Lichenostomus_fasciogularis,cup
Lichenostomus_flavescens,cup
Lichenostomus_flavicollis,cup
Lichenostomus_flavus,cup
Lichenostomus_frenatus,cup
Lichenostomus_fuscus,cup
Lichenostomus_hindwoodi,cup
Lichenostomus_keartlandi,cup
Lichenostomus_leucotis,cup
Lichenostomus_melanops,cup
Lichenostomus_obscurus,cup or dome
Lichenostomus_ornatus,cup
Lichenostomus_penicillatus,cup
Lichenostomus_plumulus,cup
Lichenostomus_unicolor,cup
Lichenostomus_versicolor,cup
Lichenostomus_virescens,cup
Lichmera_alboauricularis,cup
Lichmera_indistincta,cup
Limnornis_curvirostris,dome
Limnoctites_rectirostris,dome
Limnothlypis_swainsonii,cup
Linurgus_olivaceus,cup
Liocichla_omeiensis,cup
Liocichla_phoenicea,cup
Liocichla_steerii,cup
Lioparus_chrysotis,cup or dome
Lioptilus_nigricapillus,cup
Liosceles_thoracicus,dome
Lipaugus_streptophorus,cup
Lipaugus_unirufus,cup
Loboparadisea_sericea,cup
Lochmias_nematura,cavity
Locustella_certhiola,cup
Locustella_fasciolata,cup
Locustella_fluviatilis,cup
Locustella_lanceolata,cup
Locustella_luscinioides,cup
Locustella_naevia,cup
Locustella_ochotensis,cup
Lonchura_castaneothorax,dome
Lonchura_malacca,dome
Lonchura_oryzivora,cavity or dome
Lonchura_pallida,dome
Lonchura_punctulata,dome
Lonchura_quinticolor,dome
Lonchura_striata,cavity or dome
Lophophanes_cristatus,cavity
Lophophanes_dichrous,cavity
Lophorina_superba,cup
Lophospingus_pusillus,cup
Lophotriccus_galeatus,dome
Lophotriccus_pileatus,dome
Lophotriccus_vitiosus,dome
Lophozosterops_javanicus,cup
Lophozosterops_superciliaris,cup
Loxia_curvirostra,cup
Loxia_leucoptera,cup
Loxia_pytyopsittacus,cup
Loxia_scotica,cup
Loxigilla_noctis,cavity
Loxigilla_portoricensis,dome
Loxigilla_violacea,cavity
Loxipasser_anoxanthus,dome
Loxops_caeruleirostris,cup
Loxops_coccineus,cavity
Lullula_arborea,cup
Larvivora_akahige,cavity or cup
Larvivora_brunnea,cavity or cup
Calliope_calliope,cup or dome
Larvivora_komadori,cavity
Luscinia_luscinia,cup
Luscinia_megarhynchos,cup or dome
Calliope_pectoralis,dome
Larvivora_sibilans,cavity
Luscinia_svecica,cup
Lycocorax_pyrrhopterus,cup
Macgregoria_pulchra,cup
Machaerirhynchus_flaviventer,cup
Machaeropterus_deliciosus,cup
Machaeropterus_pyrocephalus,cup
Machetornis_rixosa,dome
Macroagelaius_imthurni,cup
Macroagelaius_subalaris,cup
Macronous_gularis,dome
Macronous_ptilosus,cup or dome
Macronous_striaticeps,dome
Macronyx_croceus,cup
Magumma_parva,cup
Heterophasia_capistrata,cup
Heterophasia_melanoleuca,cup
Malacocincla_abbotti,cup
Malacocincla_malaccensis,cup
Malaconotus_blanchoti,cup
Malacopteron_cinereum,cup
Malacopteron_magnirostre,cup
Malurus_amabilis,dome
Malurus_coronatus,dome
Malurus_cyaneus,dome
Malurus_elegans,dome
Malurus_lamberti,dome
Malurus_leucopterus,dome
Malurus_melanocephalus,dome
Malurus_pulcherrimus,dome
Malurus_splendens,dome
Manacus_aurantiacus,cup
Manacus_candei,cup
Manacus_manacus,cup
Manacus_vitellinus,cup
Mandingoa_nitidula,dome
Manorina_flavigula,cup
Manorina_melanocephala,cup
Manorina_melanophrys,cup
Oreomystis_mana,cavity
Manucodia_ater,cup
Manucodia_comrii,cup
Phonygammus_keraudrenii,cup
Margarops_fuscatus,cavity or cup
Allenia_fusca,cup
Margarornis_squamiger,dome
Masius_chrysopterus,cup
Mecocerculus_calopterus,cup
Mecocerculus_leucophrys,cup
Megabyas_flammulatus,cup
Megalurus_gramineus,dome
Megalurus_palustris,dome
Megalurus_pryeri,cup
Megalurus_punctatus,cup
Megalurus_timoriensis,dome
Megarynchus_pitangua,cup
Megastictus_margaritatus,cup
Melaenornis_edolioides,cup
Melampitta_lugubris,dome
Melanocharis_nigra,cup
Melanocharis_versteri,cup
Melanochlora_sultanea,cavity
Melanocorypha_bimaculata,cup
Melanocorypha_calandra,cup
Melanodera_melanodera,cup
Melanodryas_cucullata,cup
Melanodryas_vittata,cup
Melanoptila_glabrirostris,cup
Melanospiza_richardsoni,dome
Melanotis_caerulescens,cup
Melanotis_hypoleucus,cup
Melanopareia_elegans,dome
Melidectes_belfordi,cup
Melidectes_torquatus,cup
Melilestes_megarhynchus,cup
Meliphaga_albilineata,cup
Meliphaga_albonotata,cup
Meliphaga_analoga,cup
Meliphaga_aruensis,cup
Meliphaga_cinereifrons,cup
Meliphaga_gracilis,cup
Meliphaga_lewinii,cup
Meliphaga_mimikae,cup
Meliphaga_montana,cup
Meliphaga_notata,cup
Meliphaga_orientalis,cup
Melipotes_fumigatus,cup
Melithreptus_affinis,cup
Melithreptus_albogularis,cup
Melithreptus_brevirostris,cup
Melithreptus_gularis,cup
Melithreptus_lunatus,cup
Melithreptus_validirostris,cup
Melocichla_mentalis,cup
Melophus_lathami,cup
Melopyrrha_nigra,dome
Melospiza_georgiana,cup
Melospiza_lincolnii,cup
Melospiza_melodia,cup
Melozone_biarcuata,cup
Melozone_leucotis,cup
Menura_novaehollandiae,dome
Leiothrix_argentauris,cup
Metopothrix_aurantiaca,dome
Microbates_cinereiventris,cup
Microcerculus_bambla,cavity
Microeca_fascinans,cup
Microeca_flavigaster,cup
Microeca_griseoceps,cup
Microeca_papuana,cup
Microrhopias_quixensis,cup
Microligea_palustris,cup
Hypsipetes_amaurotis,cup
Mimus_graysoni,cup
Mimus_dorsalis,cup
Mimus_gilvus,cup
Mimus_gundlachii,cup
Mimus_longicaudatus,cup
Mimus_patagonicus,cup
Mimus_polyglottos,cup
Mimus_saturninus,cup
Mimus_thenca,cup
Mimus_triurus,cup
Minla_ignotincta,cup
Mino_anais,cavity
Mino_dumontii,cavity
Mino_kreffti,cavity
Mionectes_macconnelli,dome
Mionectes_oleagineus,dome
Mionectes_olivaceus,dome
Mionectes_rufiventris,dome
Mionectes_striaticollis,dome
Mirafra_africana,dome
Mirafra_javanica,cup or dome
Mirafra_passerina,dome
Mitrephanes_olivaceus,cup
Mitrephanes_phaeocercus,cup
Mitrospingus_cassinii,cup
Mitrospingus_oleagineus,cup
Mniotilta_varia,cup
Modulatrix_stictigula,cup
Mohoua_albicilla,cup
Mohoua_novaeseelandiae,cup
Mohoua_ochrocephala,cavity or cup
Molothrus_aeneus,brood parasite
Molothrus_ater,brood parasite
Molothrus_bonariensis,brood parasite
Molothrus_oryzivorus,brood parasite
Molothrus_rufoaxillaris,brood parasite
Symposiachrus_axillaris,cup
Symposiachrus_barbatus,cup
Carterornis_chrysomela,cup
Monarcha_cinerascens,cup
Monarcha_frater,cup
Symposiachrus_guttula,cup
Carterornis_leucotis,cup
Symposiachrus_manadensis,cup
Monarcha_melanopsis,cup
Monarcha_richardsii,cup
Monarcha_rubiensis,cup
Monarcha_takatsukasae,cup
Symposiachrus_trivirgatus,cup
Monticola_angolensis,cavity or cup
Monticola_bensoni,cavity or cup
Monticola_brevipes,cavity or cup
Monticola_cinclorhynchus,cavity or cup
Monticola_erythronota,cavity
Monticola_explorator,cup
Monticola_gularis,cavity
Monticola_rufiventris,cavity
Monticola_rufocinereus,cavity
Monticola_rupestris,cavity
Monticola_saxatilis,cavity or cup
Monticola_sharpei,cavity or cup
Monticola_solitarius,cavity
Montifringilla_adamsi,cavity
Montifringilla_nivalis,cavity
Motacilla_aguimp,cup
Motacilla_alba,cup
Motacilla_capensis,cup
Motacilla_cinerea,cup
Motacilla_citreola,cup
Motacilla_clara,cup
Motacilla_flava,cup
Motacilla_flaviventris,cup
Motacilla_grandis,cavity or cup
Motacilla_madaraspatensis,cavity or cup
Muscicapa_adusta,cup
Muscicapa_aquatica,cavity
Muscicapa_caerulescens,cup
Muscicapa_cassini,cavity or cup
Muscicapa_dauurica,cup
Muscicapa_ferruginea,cup
Muscicapa_gambagae,cavity or cup
Muscicapa_griseisticta,cup
Muscicapa_infuscata,cup
Muscicapa_muttui,cup
Muscicapa_sethsmithi,cup
Muscicapa_sibirica,cup
Muscicapa_striata,cavity or cup
Muscicapella_hodgsoni,cup
Muscigralla_brevicauda,cup or dome
Muscisaxicola_albilora,cup
Muscisaxicola_alpinus,cup
Muscisaxicola_capistratus,cavity or cup
Muscisaxicola_cinereus,cup
Muscisaxicola_flavinucha,cavity
Muscisaxicola_frontalis,cup
Muscisaxicola_maclovianus,cup
Muscisaxicola_maculirostris,cup
Muscisaxicola_rufivertex,cup
Myadestes_elisabeth,cavity
Myadestes_genibarbis,cavity
Myadestes_melanops,cavity
Myadestes_obscurus,cavity or cup
Myadestes_occidentalis,cup
Myadestes_ralloides,cup
Myadestes_townsendi,cup
Myadestes_unicolor,cup
Mycerobas_affinis,cup
Mycerobas_carnipes,cup
Myiagra_alecto,cup
Myiagra_caledonica,cup
Myiagra_cyanoleuca,cup
Myiagra_ferrocyanea,cup
Myiagra_hebetior,cup
Myiagra_inquieta,cup
Myiagra_rubecula,cup
Myiarchus_antillarum,cavity
Myiarchus_barbirostris,cavity
Myiarchus_cephalotes,cavity
Myiarchus_cinerascens,cavity
Myiarchus_crinitus,cavity
Myiarchus_ferox,cavity
Deltarhynchus_flammulatus,cavity
Myiarchus_nugator,cavity
Myiarchus_oberi,cavity
Myiarchus_panamensis,cavity
Myiarchus_phaeocephalus,cavity
Myiarchus_sagrae,cavity
Myiarchus_semirufus,cavity or cup
Myiarchus_stolidus,cavity
Myiarchus_swainsoni,cavity
Myiarchus_tuberculifer,cavity
Myiarchus_tyrannulus,cavity
Myiarchus_validus,cavity
Myiobius_atricaudus,dome
Myiobius_barbatus,dome
Myiobius_sulphureipygius,dome
Myioborus_brunniceps,dome
Myioborus_flavivertex,cup
Myioborus_melanocephalus,dome
Myioborus_miniatus,cup
Myioborus_ornatus,cup
Myioborus_pictus,cup
Myioborus_torquatus,dome
Myiodynastes_luteiventris,cavity
Myiodynastes_maculatus,cavity
Cinclidium_diana,dome
Cinclidium_leucurum,cup or dome
Brachypteryx_major,cavity
Myiopagis_caniceps,cup
Myiopagis_gaimardii,cup
Myiopagis_viridicata,cup
Myioparus_plumbeus,cavity
Myiophobus_fasciatus,cup
Myiophobus_flavicans,cup
Nephelomyias_ochraceiventris,dome
Myiornis_auricularis,dome
Myiornis_ecaudatus,dome
Myiotheretes_fumigatus,cup
Myiotheretes_striaticollis,cup
Myiotriccus_ornatus,cup
Myiozetetes_cayanensis,dome
Myiozetetes_luteiventris,dome
Myiozetetes_similis,dome
Myophonus_caeruleus,cavity or cup
Myophonus_glaucinus,cavity
Myophonus_melanurus,cup
Myrmeciza_atrothorax,cup
Myrmeciza_exsul,cup
Myrmeciza_ferruginea,cup
Myrmeciza_fortis,dome
Myrmeciza_goeldii,cup
Myrmeciza_hemimelaena,cup
Myrmeciza_hyperythra,cup
Myrmeciza_laemosticta,cup
Myrmeciza_longipes,cup
Myrmeciza_loricata,cup
Myrmeciza_melanoceps,cup
Myrmeciza_squamosa,cup
Myrmecocichla_aethiops,cavity
Myrmecocichla_melaena,cavity
Myrmecocichla_nigra,cavity
Myrmoborus_myotherinus,dome
Myrmorchilus_strigilatus,cup
Myrmornis_torquata,cup
Myrmotherula_axillaris,cup
Myrmotherula_brachyura,cup
Myrmotherula_cherriei,cup
Epinecrophylla_erythrura,dome
Epinecrophylla_fulviventris,dome
Epinecrophylla_gutturalis,dome
Myrmotherula_hauxwelli,cup
Myrmotherula_ignota,cup
Myrmotherula_longipennis,cup
Myrmotherula_menetriesii,cup
Myrmotherula_multostriata,cup
Myrmotherula_pacifica,cup
Myrmotherula_schisticolor,cup
Myrmothera_campanisona,cup
Myrmothera_simplex,cup
Mystacornis_crossleyi,cup
Myzomela_cardinalis,cup
Myzomela_cineracea,cup
Myzomela_eques,cup
Myzomela_erythrocephala,cup
Myzomela_obscura,cup
Myzomela_rosenbergii,cup
Myzomela_sanguinolenta,cup
Myzornis_pyrrhouraB,dome
Namibornis_herero,cup
Napothera_brevicaudata,dome
Napothera_crassa,cup
Napothera_epilepidota,cup or dome
Nasica_longirostris,cavity
Nectarinia_kilimensis,dome
Nemosia_pileata,cup
Atticora_tibialis,cavity
Neochmia_modesta,dome
Neochmia_phaeton,dome
Neochmia_ruficauda,dome
Neochmia_temporalis,dome
Neocichla_gutturalis,cavity
Neocossyphus_rufus,cavity
Neodrepanis_coruscans,dome
Neolalage_banksiana,cup
Neomixis_striatigula,dome
Neomixis_tenella,dome
Nesospiza_acunhae,cup
Neothraupis_fasciata,cup
Neoxolmis_rufiventris,cup
Nesillas_typica,cup
Nesocharis_capistrata,dome
Nesocichla_eremita,cup
Mimus_macdonaldi,cup
Mimus_melanotis,cup
Mimus_parvulus,cup
Mimus_trifasciatus,cup
Nesopsar_nigerrimus,cup
Nesospingus_speculiferus,cup
Nicator_chloris,cup
Nicator_vireo,cup
Nigrita_bicolor,dome
Nigrita_canicapillus,dome
Nilaus_afer,cup
Niltava_grandis,cavity or dome
Niltava_macgrigoriae,cavity
Niltava_sundara,cavity
Pygochelidon_cyanoleuca,cavity
Orochelidon_flavipes,cavity
Orochelidon_murina,cavity
Atticora_pileata,cavity
Notiomystis_cincta,cavity
Lamprotornis_corruscus,cavity
Nucifraga_caryocatactes,cup
Nucifraga_columbiana,cup
Ochthoeca_cinnamomeiventris,cup
Ochthoeca_diadema,cup
Ochthoeca_oenanthoides,cup
Ochthornis_littoralis,cup
Ocyalus_latirostris,cup
Toxorhamphus_iliolophus,cup
Oenanthe_albonigra,cup
Oenanthe_bottae,cavity
Oenanthe_chrysopygia,cavity
Oenanthe_cypriaca,cavity
Oenanthe_deserti,cavity
Oenanthe_finschii,cavity
Oenanthe_hispanica,cavity
Oenanthe_isabellina,cavity
Oenanthe_leucopyga,cavity or cup
Oenanthe_leucura,cavity or cup
Oenanthe_lugens,cavity
Oenanthe_moesta,cavity
Oenanthe_monacha,cup
Oenanthe_monticola,cup
Oenanthe_oenanthe,cavity
Oenanthe_phillipsi,cup
Oenanthe_picata,cavity
Oenanthe_pileata,cavity
Oenanthe_pleschanka,cavity
Oncostoma_cinereigulare,dome
Onychognathus_albirostris,cavity
Onychognathus_blythii,cavity
Onychognathus_frater,cavity
Onychognathus_fulgidus,cavity
Onychognathus_morio,cup
Onychognathus_nabouroup,cup
Onychognathus_salvadorii,cavity
Onychognathus_tenuirostris,cavity or cup
Onychognathus_tristramii,cavity
Onychognathus_walleri,cavity
Onychorhynchus_coronatus,dome
Oporornis_agilis,cup
Geothlypis_formosa,cup
Geothlypis_philadelphia,cup
Geothlypis_tolmiei,cup
Oreocharis_arfaki,cup
Oreoica_gutturalis,cup
Oreomanes_fraseri,cup
Oreomystis_bairdi,cup
Asthenes_moreirae,dome
Oreopsar_bolivianus,cup
Oreoscoptes_montanus,cup
Oreoscopus_gutturalis,dome
Origma_solitaria,dome
Oriolus_auratus,cup
Oriolus_brachyrhynchus,cup
Oriolus_chinensis,cup
Oriolus_cruentus,cup
Oriolus_flavocinctus,cup
Oriolus_larvatus,cup
Oriolus_nigripennis,cup
Oriolus_oriolus,cup
Oriolus_sagittatus,cup
Oriolus_szalayi,cup
Oriolus_traillii,cup
Oriolus_xanthonotus,cup
Oriolus_xanthornus,cup
Oriturus_superciliosus,cup
Ornithion_brunneicapillus,cup
Orthonyx_novaeguineae,dome
Orthonyx_spaldingii,dome
Orthonyx_temminckii,dome
Orthotomus_atrogularis,cup
Orthotomus_sericeus,cup
Orthotomus_sutorius,cup
Ortygospiza_atricollis,cavity or dome
Oryzoborus_angolensis,cup
Oryzoborus_crassirostris,cup
Oryzoborus_funereus,cup
Oryzoborus_maximiliani,cup
Oxylabes_madagascariensis,cup
Oxyruncus_cristatus,cup
Pachycare_flavogriseum,dome
Pachycephala_caledonica,cup
Pachycephala_cinerea,cup
Pachycephala_hyperythra,cup
Pachycephala_inornata,cup
Pachycephala_lanioides,cup
Pachycephala_melanura,cup
Pachycephala_olivacea,cup
Pachycephala_pectoralis,cup
Pachycephala_phaionota,cup
Pachycephala_philippinensis,cup
Pachycephala_rufiventris,cup
Pachycephala_simplex,cup
Pachycephala_soror,cup
Pachycephalopsis_poliosoma,cup
Pachyramphus_aglaiae,dome
Pachyramphus_albogriseus,dome
Pachyramphus_castaneus,dome
Pachyramphus_cinnamomeus,dome
Pachyramphus_homochrous,dome
Pachyramphus_major,dome
Pachyramphus_minor,dome
Pachyramphus_polychopterus,dome
Pachyramphus_rufus,dome
Pachyramphus_spodiurus,dome
Pachyramphus_surinamus,dome
Pachyramphus_validus,dome
Pachyramphus_versicolor,dome
Pachyramphus_viridis,dome
Pachyramphus_xanthogenys,dome
Palmeria_dolei,cup
Panurus_biarmicus,cup
Paradisaea_minor,cup
Paradisaea_raggiana,cup
Paradisaea_rudolphi,cup
Paradoxornis_alphonsianus,cup
Paradoxornis_davidianus,cup
Paradoxornis_gularis,cup
Paradoxornis_guttaticollis,cup
Paradoxornis_nipalensis,cup
Paradoxornis_webbianus,cup
Paramythia_montium,cup
Pardalotus_punctatus,dome
Pardalotus_rubricatus,cavity
Pardalotus_striatus,dome
Paroaria_baeri,cup
Paroaria_capitata,cup
Paroaria_coronata,cup
Paroaria_gularis,cup
Parophasma_galinieri,cup
Paroreomyza_montana,cup
Parotia_lawesii,cup
Setophaga_americana,cup
Oreothlypis_gutturalis,cup
Setophaga_pitiayumi,dome
Oreothlypis_superciliosa,cup
Melaniparus_afer,cavity
Melaniparus_albiventris,cavity
Parus_bokharensis,cavity
Melaniparus_funereus,cavity
Macholophus_holsti,cavity
Parus_major,cavity
Parus_monticolus,cavity
Melaniparus_niger,cavity
Melaniparus_rufiventris,cavity
Parus_spilonotus,cavity
Parus_xanthogenys,cavity
Passer_ammodendri,cavity
Passer_domesticus,cavity
Passer_flaveolus,cavity or dome
Passer_griseus,dome
Passer_hispaniolensis,cavity or dome
Passer_luteus,dome
Passer_melanurus,dome
Passer_montanus,dome
Passer_rutilans,cavity
Passerculus_sandwichensis,cup
Spizella_arborea,cup
Passerina_amoena,cup
Passerina_caerulea,cup
Passerina_ciris,cup
Passerina_cyanea,cup
Passerina_leclancherii,cup
Passerina_rositae,cup
Passerina_versicolor,cup
Pastor_roseus,cavity or cup
Pellorneum_capistratum,cup
Pellorneum_ruficeps,cup or dome
Pellorneum_tickelli,cup or dome
Peltops_blainvillii,cup
Eopsaltria_pulverulenta,cup
Peneothello_cyanus,cup
Peneothello_sigillata,cup
Myrmecocichla_albifrons,cavity
Myrmecocichla_arnotti,cavity
Schistocichla_leucostigma,cup
Percnostola_rufifrons,dome
Pericrocotus_cinnamomeus,cup
Pericrocotus_divaricatus,cup
Pericrocotus_ethologus,cup
Pericrocotus_erythropygius,cup
Pericrocotus_flammeus,cup
Pericrocotus_igneus,cup
Pericrocotus_solaris,cup
Periparus_ater,cavity
Pardaliparus_elegans,cavity
Periparus_rubidiventris,cavity
Periparus_rufonuchalis,cavity
Pardaliparus_venustulus,cavity
Perisoreus_canadensis,cup
Perisoreus_infaustus,cup
Perisoreus_internigrans,cup
Perissocephalus_tricolor,cup
Petrochelidon_ariel,dome
Petrochelidon_fulva,cup or dome
Petrochelidon_nigricans,cavity
Petrochelidon_preussi,dome
Petrochelidon_pyrrhonota,cavity or dome
Petrochelidon_rufigula,dome
Petrochelidon_rufocollaris,dome
Petrochelidon_spilodera,dome
Petroica_australis,cup
Petroica_boodang,cup
Petroica_goodenovii,cup
Petroica_macrocephala,cavity or cup
Petroica_multicolor,cup
Petroica_phoenicea,cup
Petroica_rodinogaster,cup
Petroica_rosea,cup
Petroica_traversi,cavity or cup
Petronia_petronia,dome
Peucaea_aestivalis,cup
Peucaea_botterii,cup
Peucaea_carpalis,cup
Peucaea_cassinii,cup
Peucaea_humeralis,cup
Peucaea_mystacalis,cup
Peucaea_ruficauda,cup
Peucedramus_taeniatus,cup
Pezopetes_capitalis,cup
Phacellodomus_erythrophthalmus,dome
Phacellodomus_ruber,dome
Phacellodomus_rufifrons,dome
Phacellodomus_striaticeps,dome
Phacellodomus_striaticollis,dome
Phaenicophilus_palmarum,cup
Phaenicophilus_poliocephalus,cup
Phaenostictus_mcleannani,cup
Phaeomyias_murina,cup
Phainopepla_nitens,cup
Phainoptila_melanoxantha,cup
Phedina_borbonica,cavity
Phedina_brazzae,cavity
Pheucticus_aureoventris,cup
Pheucticus_ludovicianus,cup
Pheucticus_melanocephalus,cup
Philemon_argenticeps,cup
Philemon_buceroides,cup
Philemon_citreogularis,cup
Philemon_corniculatus,cup
Philentoma_pyrhoptera,cup
Philentoma_velata,cup
Philepitta_castanea,dome
Philesturnus_carunculatus,cup
Philetairus_socius,dome
Pitangus_lictor,cup
Phlegopsis_nigromaculata,cup
Phleocryptes_melanops,dome
Phoenicurus_auroreus,cavity
Phoenicurus_caeruleocephala,cup
Phoenicurus_erythrogastrus,cavity
Phoenicurus_erythronotus,cup
Phoenicurus_frontalis,cavity
Phoenicurus_hodgsoni,cavity
Phoenicurus_moussieri,cavity or cup
Phoenicurus_ochruros,cup
Phoenicurus_phoenicurus,cavity
Phoenicurus_schisticeps,cavity
Pholia_femoralis,cavity
Pholia_sharpii,cavity
Pholidornis_rushiae,dome
Phrygilus_alaudinus,cup
Phrygilus_atriceps,cup
Phrygilus_carbonarius,dome
Phrygilus_dorsalis,dome
Phrygilus_fruticeti,cup
Phrygilus_gayi,cup
Phrygilus_patagonicus,cup
Phrygilus_plebejus,dome
Phylidonyris_niger,cup
Phylidonyris_novaehollandiae,cup
Phylidonyris_pyrrhopterus,cup
Phyllanthus_atripennis,cup
Phyllastrephus_albigularis,cup
Phyllastrephus_cabanisi,cup
Phyllastrephus_cerviniventris,cup
Phyllastrephus_debilis,cup
Phyllastrephus_flavostriatus,cup
Phyllastrephus_icterinus,cup
Phyllastrephus_poensis,cup
Phyllastrephus_terrestris,cup
Phyllastrephus_xavieri,cup
Phyllomyias_burmeisteri,cup
Phyllomyias_fasciatus,cup
Phyllomyias_griseiceps,cup
Phyllomyias_sclateri,cup
Phyllomyias_virescens,dome
Phylloscartes_sylviolus,dome
Phylloscartes_ventralis,dome
Phylloscopus_affinis,dome
Phylloscopus_bonelli,dome
Phylloscopus_borealis,dome
Phylloscopus_cantator,dome
Phylloscopus_chloronotus,dome
Phylloscopus_collybita,dome
Phylloscopus_coronatus,dome
Phylloscopus_davisoni,dome
Phylloscopus_fuscatus,dome
Phylloscopus_griseolus,dome
Phylloscopus_hainanus,dome
Phylloscopus_humei,dome
Phylloscopus_inornatus,dome
Phylloscopus_laetus,dome
Phylloscopus_magnirostris,dome
Phylloscopus_nitidus,dome
Phylloscopus_occipitalis,dome
Phylloscopus_orientalis,dome
Phylloscopus_plumbeitarsus,dome
Phylloscopus_poliocephalus,dome
Phylloscopus_proregulus,dome
Phylloscopus_pulcher,dome
Phylloscopus_reguloides,dome
Phylloscopus_ruficapilla,dome
Phylloscopus_schwarzi,dome
Phylloscopus_sibilatrix,dome
Phylloscopus_sindianus,dome
Phylloscopus_subaffinis,dome
Phylloscopus_tenellipes,dome
Phylloscopus_trivirgatus,dome
Phylloscopus_trochilus,dome
Phylloscopus_tytleri,dome
Phylloscopus_umbrovirens,dome
Phylloscopus_yunnanensis,dome
Phytotoma_rara,cup
Phytotoma_rutila,cup
Pica_hudsonia,dome
Pica_nuttalli,dome
Pica_pica,dome
Picathartes_gymnocephalus,cup
Picathartes_oreas,cup
Cercomela_sordida,cup
Pinaroloxias_inornata,dome
Pinicola_enucleator,cup
Pipilo_chlorurus,cup
Pipilo_erythrophthalmus,cup
Pipilo_maculatus,cup
Pipilo_ocai,cup
Pipra_aureola,cup
Pipra_erythrocephala,cup
Pipra_fasciicauda,cup
Pipra_filicauda,cup
Pipra_mentalis,cup
Pipreola_frontalis,cup
Piprites_chloris,cavity
Piranga_bidentata,cup
Piranga_erythrocephala,cup
Piranga_flava,cup
Piranga_leucoptera,cup
Piranga_ludoviciana,cup
Piranga_olivacea,cup
Piranga_rubra,cup
Pitangus_sulphuratus,dome
Pithys_albifrons,cup
Pitohui_dichrous,cup
Pitohui_ferrugineus,cup
Pitohui_nigrescens,cup
Pitta_anerythra,dome
Pitta_angolensis,dome
Pitta_arquata,dome
Pitta_baudii,dome
Pitta_brachyura,dome
Pitta_caerulea,dome
Pitta_cyanea,dome
Pitta_elliotii,dome
Pitta_erythrogaster,dome
Pitta_granatina,dome
Pitta_guajana,dome
Pitta_gurneyi,dome
Pitta_iris,dome
Pitta_maxima,dome
Pitta_moluccensis,dome
Pitta_nipalensis,dome
Pitta_nympha,dome
Pitta_oatesi,dome
Pitta_phayrei,dome
Pitta_reichenowi,dome
Pitta_sordida,dome
Pitta_soror,dome
Pitta_superba,dome
Pitta_venusta,dome
Pitta_versicolor,dome
Pittasoma_michleri,cup
Platyrinchus_coronatus,cup
Platyrinchus_leucoryphus,cup
Platyrinchus_mystaceus,dome
Platysmurus_leucopterus,cup
Platyspiza_crassirostris,dome
Platysteira_cyanea,cup
Platysteira_laticincta,cup
Platysteira_peltata,cup
Plectorhyncha_lanceolata,cup
Plectrophenax_hyperboreus,cup
Plocepasser_mahali,dome
Ploceus_bicolor,dome
Ploceus_capensis,dome
Ploceus_cucullatus,dome
Ploceus_intermedius,dome
Ploceus_luteolus,dome
Ploceus_melanocephalus,dome
Ploceus_ocularis,dome
Ploceus_taeniopterus,dome
Ploceus_velatus,dome
Ploceus_vitellinus,dome
Pnoepyga_albiventer,dome
Pnoepyga_pusilla,dome
Podoces_biddulphi,cup
Podoces_hendersoni,cup
Poecile_atricapillus,cavity
Poecile_carolinensis,cavity
Poecile_cinctus,cavity
Poecile_davidi,cavity
Poecile_gambeli,cavity
Poecile_hudsonicus,cavity
Poecile_lugubris,cavity
Poecile_montanus,cavity
Poecile_palustris,cavity
Poecile_rufescens,cavity
Poecile_sclateri,cavity
Poecile_superciliosus,cavity
Sittiparus_varius,cavity
Poecilodryas_cerviniventris,cup
Poecilotriccus_capitalis,dome
Poecilotriccus_plumbeiceps,dome
Poecilotriccus_sylvia,dome
Poeoptera_kenricki,cavity
Poeoptera_lugubris,cavity
Poeoptera_stuhlmanni,cavity
Poephila_acuticauda,dome
Poephila_cincta,dome
Poephila_personata,dome
Pogonocichla_stellata,dome
Sturnus_cineraceus,cavity
Sturnus_sericeus,cavity
Polioptila_albiloris,cup
Polioptila_caerulea,cup
Polioptila_californica,cup
Polioptila_dumicola,cup
Polioptila_melanura,cup
Polioptila_nigriceps,cup
Polioptila_plumbea,cup
Polioxolmis_rufipennis,cup
Polystictus_pectoralis,cup
Polystictus_superciliaris,cup
Pomarea_dimidiata,cup
Pomarea_iphis,cup
Pomarea_mendozae,cup
Pomarea_nigra,cup
Pomatorhinus_erythrogenys,dome
Pomatorhinus_ferruginosus,dome
Pomatorhinus_hypoleucos,dome
Pomatorhinus_montanus,dome
Pomatorhinus_ochraceiceps,dome
Pomatorhinus_ruficollis,dome
Pomatorhinus_schisticeps,dome
Pomatostomus_halli,dome
Pomatostomus_isidorei,cup
Pomatostomus_ruficeps,dome
Pomatostomus_temporalis,dome
Pooecetes_gramineus,cup
Poospiza_cinerea,cup
Poospiza_melanoleuca,cup
Poospiza_ornata,cup
Poospiza_torquata,cup
Porphyrospiza_caerulescens,cup
Premnoplex_brunnescens,dome
Prinia_atrogularis,dome
Prinia_bairdii,dome
Prinia_crinigera,dome
Prinia_familiaris,dome
Prinia_subflava,dome
Prionochilus_maculatus,cup
Prionochilus_percussus,dome
Prionochilus_xanthopygius,cup
Amblyornis_newtoniana,cup
Prionops_plumatus,cup
Prionops_retzii,cup
Prionops_scopifrons,cup
Cacicus_solitarius,cup
Procnias_nudicollis,cup
Progne_chalybea,cavity
Progne_cryptoleuca,cavity
Progne_dominicensis,cavity
Progne_elegans,cavity
Progne_modesta,cavity
Progne_subis,cavity
Progne_tapera,cavity
Promerops_cafer,cup
Promerops_gurneyi,cup
Prosthemadera_novaeseelandiae,cup
Protonotaria_citrea,cup
Prunella_atrogularis,cup
Prunella_collaris,cup
Prunella_fulvescens,cup
Prunella_himalayana,cup
Prunella_modularis,cup
Prunella_montanella,cup
Psalidoprocne_albiceps,cavity
Psalidoprocne_fuliginosa,cavity
Psalidoprocne_nitens,cavity
Psalidoprocne_obscura,cavity
Psalidoprocne_pristoptera,cavity
Psaltriparus_minimus,dome
Psarisomus_dalhousiae,dome
Psarocolius_angustifrons,cup
Psarocolius_atrovirens,cup
Psarocolius_decumanus,cup
Psarocolius_montezuma,cup
Psarocolius_viridis,cup
Psarocolius_wagleri,cup
Pselliophorus_tibialis,cup
Pseudalethe_choloensis,cup
Pseudalethe_fuelleborni,cup
Pseudalethe_poliocephala,cavity or cup
Pseudalethe_poliophrys,cavity or cup
Pseudelaenia_leucospodia,cup
Pseudoalcippe_abyssinica,cup
Pseudocalyptomena_graueri,dome
Pseudochelidon_eurystomina,cavity
Pseudochloroptila_totta,cup
Pseudocolaptes_lawrencii,cavity
Pseudocolopteryx_acutipennis,cup
Pseudocolopteryx_flaviventris,cup
Pseudocolopteryx_sclateri,cup
Pseudhirundo_griseopyga,cavity
Pseudoleistes_guirahuro,cup
Pseudoleistes_virescens,cup
Schoeniparus_castaneceps,dome
Schoeniparus_cinerea,cup or dome
Pseudonestor_xanthophrys,cup
Pseudopodoces_humilis,cavity
Pseudocolaptes_boissonneautii,cavity
Pseudoseisura_gutturalis,dome
Pseudoseisura_lophotes,dome
Psilorhinus_morio,cup
Psophocichla_litsipsirupa,cup
Psophodes_olivaceus,cup
Pteridophora_alberti,cup
Coracina_maxima,cup
Pteroptochos_castaneus,cavity
Pteroptochos_tarnii,cavity
Garrulax_davidi,cup
Garrulax_sannio,cup
Pteruthius_aenobarbus,cup
Pteruthius_flaviscapis,cup
Pteruthius_melanotis,cup
Pteruthius_xanthochlorus,cup
Ptilogonys_caudatus,cup
Ptilogonys_cinereus,cup
Ptilonorhynchus_violaceus,cup
Ptiloris_paradiseus,cup
Ptiloris_victoriae,cup
Ptilorrhoa_caerulescens,cup
Ptilorrhoa_leucosticta,cup
Ptilostomus_afer,cup
Ptyonoprogne_concolor,cup
Ptyonoprogne_fuligula,cup
Ptyonoprogne_rupestris,cup
Purnella_albifrons,cup
Pycnonotus_atriceps,cup
Pycnonotus_barbatus,cup
Pycnonotus_brunneus,cup
Pycnonotus_cafer,cup
Pycnonotus_capensis,cup
Pycnonotus_cyaniventris,cup
Pycnonotus_erythropthalmos,cup
Pycnonotus_eutilotus,cup
Pycnonotus_finlaysoni,cup
Pycnonotus_flavescens,cup
Pycnonotus_goiavier,cup
Pycnonotus_jocosus,cup
Pycnonotus_leucogenys,cup
Pycnonotus_melanicterus,cup
Pycnonotus_melanoleucus,cup
Pycnonotus_nigricans,cup
Pycnonotus_plumosus,cup
Pycnonotus_simplex,cup
Pycnonotus_sinensis,cup
Pycnonotus_taivanus,cup
Pycnonotus_urostictus,cup
Pycnonotus_xanthopygos,cup
Pycnonotus_xanthorrhous,cup
Pycnonotus_zeylanicus,cup
Pycnoptilus_floccosus,dome
Pycnopygius_stictocephalus,cup
Pygarrhichas_albogularis,cavity
Pygiptila_stellaris,cup
Pyrenestes_ostrinus,dome
Pyrenestes_sanguineus,dome
Montifringilla_blanfordi,cavity
Montifringilla_davidiana,cavity
Montifringilla_ruficollis,cavity
Montifringilla_taczanowskii,cavity
Melozone_aberti,cup
Melozone_albicollis,cup
Melozone_crissalis,cup
Melozone_fusca,cup
Melozone_kieneri,cup
Pyriglena_leuconota,dome
Pyriglena_leucoptera,dome
Pyrocephalus_rubinus,cup
Pyroderus_scutatus,cup
Pyrrhocorax_graculus,cup
Pyrrhocorax_pyrrhocorax,cavity or cup
Pyrrholaemus_brunneus,dome
Pyrrhomyias_cinnamomeus,cup
Carpodacus_puniceus,cup
Pyrrhula_aurantiaca,cup
Pyrrhula_erythaca,cup
Pyrrhula_erythrocephala,cup
Pyrrhula_murina,cup
Pyrrhula_nipalensis,cup
Pyrrhula_pyrrhula,cup
Phyllastrephus_scandens,cup
Pytilia_afra,dome
Pytilia_hypogrammica,dome
Pytilia_melba,dome
Pytilia_phoenicoptera,dome
Quelea_cardinalis,dome
Quelea_quelea,dome
Querula_purpurata,cup
Quiscalus_lugubris,cup
Quiscalus_major,cup
Quiscalus_mexicanus,cup
Quiscalus_nicaraguensis,cup
Quiscalus_niger,cup
Quiscalus_quiscula,cup
Ramphocelus_bresilius,cup
Ramphocelus_carbo,cup
Ramphocelus_costaricensis,cup
Ramphocelus_dimidiatus,cup
Ramphocelus_flammigerus,cup
Ramphocelus_icteronotus,cup
Ramphocelus_nigrogularis,cup
Ramphocelus_passerinii,cup
Ramphocelus_sanguinolentus,cup
Ramphocinclus_brachyurus,cup
Ramphotrigon_fuscicauda,cavity
Ramphotrigon_megacephalum,cavity
Ramphotrigon_ruficauda,cavity
Ramsayornis_fasciatus,dome
Ramsayornis_modestus,dome
Regulus_calendula,cup
Regulus_ignicapilla,cup
Regulus_madeirensis,cup
Regulus_regulus,cup
Regulus_satrapa,cup
Remiz_consobrinus,dome
Remiz_pendulinus,dome
Rhabdornis_inornatus,cavity
Rhabdornis_mystacalis,cavity
Rhagologus_leucostigma,cup
Rhegmatorhina_melanosticta,cavity
Garrulax_mitratus,cup
Rhinocrypta_lanceolata,dome
Cyornis_umbratilis,cup
Rhipidura_albicollis,cup
Rhipidura_albiscapa,cup
Rhipidura_albolimbata,cup
Rhipidura_atra,cup
Rhipidura_aureola,cup
Rhipidura_cockerelli,cup
Rhipidura_cyaniceps,cup
Rhipidura_dryas,cup
Rhipidura_fuliginosa,cup
Rhipidura_hyperythra,cup
Chelidorhynx_hypoxantha,cup
Rhipidura_javanica,cup
Rhipidura_leucophrys,cup
Rhipidura_leucothorax,cup
Rhipidura_perlata,cup
Rhipidura_phasiana,cup
Rhipidura_rennelliana,cup
Rhipidura_rufidorsa,cup
Rhipidura_rufifrons,cup
Rhipidura_rufiventris,cup
Rhipidura_superciliaris,cup
Rhipidura_teysmanni,cup
Rhipidura_threnothorax,cup
Rhodinocichla_rosea,cup
Rhodospingus_cruentus,cup
Rhodospiza_obsoleta,cup
Rhodothraupis_celaeno,cup
Rhopophilus_pekinensis,cup
Rhopornis_ardesiacus,dome
Phoenicurus_fuliginosus,cavity
Rhynchocyclus_brevirostris,dome
Rhynchocyclus_fulvipectus,dome
Rhynchocyclus_olivaceus,dome
Rhynchophanes_mccownii,cup
Rhynchospiza_stolzmanni,cup
Rhynchospiza_strigiceps,cup
Ridgwayia_pinicola,cup
Riparia_cincta,cavity
Riparia_diluta,cavity
Riparia_paludicola,cavity
Riparia_riparia,cavity
Rowettia_goughensis,cup
Rupicola_peruvianus,cup
Rupicola_rupicola,cup
Thamnophilus_bernardi,cup
Sakesphorus_canadensis,cup
Sakesphorus_luctuosus,cup
Thamnophilus_melanonotus,cup
Salpinctes_obsoletus,cavity or cup
Salpornis_spilonotus,cup
Saltator_albicollis,cup
Saltator_atriceps,cup
Saltator_atricollis,cup
Saltator_atripennis,cup
Saltator_aurantiirostris,cup
Saltator_coerulescens,cup
Saltator_grossus,cup
Saltator_maximus,cup
Saltator_rufiventris,cup
Saltator_similis,cup
Saltator_striatipectus,cup
Saltatricula_multicolor,cup
Sapayoa_aenigma,dome
Eurylaimus_steerii,dome
Sarcops_calvus,cavity
Saroglossa_spiloptera,cavity
Satrapa_icterophrys,cup
Saxicola_caprata,cavity
Saxicola_dacotiae,cup
Saxicola_ferreus,cavity
Saxicola_insignis,cavity
Saxicola_jerdoni,cup
Saxicola_leucurus,cup
Saxicola_rubetra,cup
Saxicola_tectes,cavity
Saxicola_torquatus,cup
Copsychus_fulicatus,cavity
Sayornis_nigricans,cup
Sayornis_phoebe,cup
Sayornis_saya,cup
Scelorchilus_rubecula,cavity
Scenopoeetes_dentirostris,cup
Schiffornis_turdina,cup
Schiffornis_virescens,cavity
Schistochlamys_melanopis,cup
Schistolais_leucopogon,cup
Asthenes_fuliginosa,dome
Asthenes_harterti,dome
Schoenicola_brevirostris,cup
Schoeniophylax_phryganophilus,dome
Schoeniparus_brunnea,dome
Schoeniparus_dubia,dome
Schoeniparus_rufogularis,dome
Scissirostrum_dubium,cavity
Sclateria_naevia,cup
Sclerurus_albigularis,cavity
Sclerurus_guatemalensis,cavity
Sclerurus_mexicanus,cavity
Sclerurus_scansor,cavity
Scotocerca_inquieta,dome
Scytalopus_affinis,dome
Eleoscytalopus_indigoticus,dome
Scytalopus_magellanicus,dome
Scytalopus_superciliaris,cup
Seicercus_affinis,dome
Seicercus_castaniceps,dome
Seicercus_montis,dome
Seicercus_poliogenys,dome
Seicercus_tephrocephalus,dome
Seicercus_whistleri,dome
Phylloscopus_xanthoschistos,dome
Seiurus_aurocapilla,cup
Parkesia_motacilla,cavity or cup
Parkesia_noveboracensis,cup
Seleucidis_melanoleucus,cup
Sericornis_citreogularis,dome
Sericornis_frontalis,dome
Sericornis_humilis,dome
Sericornis_keri,dome
Sericornis_magnirostra,dome
Sericornis_nouhuysi,dome
Sericornis_papuensis,dome
Sericornis_perspicillatus,dome
Sericossypha_albocristata,cup
Sericulus_chrysocephalus,cup
Serilophus_lunatus,dome
Serinus_albogularis,cup
Serinus_atrogularis,cup
Serinus_burtoni,cup
Serinus_canaria,cup
Serinus_canicollis,cup
Serinus_citrinelloides,cup
Serinus_citrinipectus,cup
Serinus_dorsostriatus,cup
Serinus_flaviventris,cup
Serinus_flavivertex,cup
Serinus_gularis,cup
Serinus_leucopygius,cup
Serinus_mennelli,cup
Serinus_mozambicus,cup
Serinus_pusillus,cup
Serinus_scotops,cup
Serinus_serinus,cup
Serinus_striolatus,cup
Serinus_sulphuratus,cup
Serpophaga_cinerea,cup
Serpophaga_hypoleuca,cup
Serpophaga_munda,cup
Serpophaga_nigricans,cup
Serpophaga_subcristata,cup
Setophaga_ruticilla,cup
Sheppardia_aequatorialis,cup
Sheppardia_bocagei,cavity
Sheppardia_cyornithopsis,dome
Sheppardia_gunningi,dome
Cossypha_polioptera,cavity
Sheppardia_sharpei,cup
Sialia_currucoides,cavity
Sialia_mexicana,cavity
Sialia_sialis,cavity
Sicalis_flaveola,dome
Sicalis_lutea,cup
Sicalis_luteola,cup
Sicalis_olivascens,cavity
Sigelus_silens,cup
Siptornis_striaticollis,dome
Siptornopsis_hypochondriaca,dome
Sirystes_sibilator,cavity
Sitta_canadensis,cavity
Sitta_carolinensis,cavity
Sitta_europaea,cavity
Sitta_frontalis,cavity
Sitta_himalayensis,cavity
Sitta_krueperi,cavity
Sitta_ledanti,cavity
Sitta_neumayer,cavity
Sitta_pusilla,cavity
Sitta_pygmaea,cavity
Sitta_tephronota,cavity
Sitta_villosa,cavity
Sitta_whiteheadi,cavity
Sittasomus_griseicapillus,cavity
Minla_cyanouroptera,cup
Smicrornis_brevirostris,dome
Smithornis_capensis,dome
Smithornis_rufolateralis,dome
Calyptomena_whiteheadi,dome
Spartonoica_maluroides,dome
Speculipastor_bicolor,cavity
Zosterops_lugubris,cup
Spelaeornis_chocolatinus,cup
Spermestes_bicolor,dome
Odontospiza_griseicapilla,dome
Spermestes_cucullatus,dome
Spermestes_fringilloides,dome
Spermophaga_haematina,dome
Sphecotheres_vieilloti,cup
Sphenoeacus_afer,cup
Spiloptila_clamans,cup
Spindalis_zena,cup
Spiza_americana,cup
Spizella_atrogularis,cup
Spizella_breweri,cup
Spizella_pallida,cup
Spizella_passerina,cup
Spizella_pusilla,cup
Spizella_wortheni,cup
Spizixos_semitorques,cup
Spizocorys_sclateri,cup
Spizocorys_starki,cup
Sporophila_americana,cup
Sporophila_castaneiventris,cup
Sporophila_collaris,cup
Sporophila_corvina,cup
Sporophila_hypochroma,cup
Sporophila_hypoxantha,cup
Sporophila_intermedia,cup
Sporophila_leucoptera,cup
Sporophila_melanogaster,cup
Sporophila_nigrorufa,cup
Sporophila_palustris,cup
Sporophila_schistacea,cup
Sporophila_torqueola,cup
Sporopipes_frontalis,dome
Stachyridopsis_chrysaea,dome
Stachyridopsis_ruficeps,cup or dome
Stachyridopsis_rufifrons,cup or dome
Stachyris_erythroptera,dome
Stachyris_nigriceps,cup or dome
Stachyris_poliocephala,cup or dome
Stachyris_striolata,cup or dome
Stagonopleura_guttata,dome
Yuhina_castaniceps,cup
Yuhina_everetti,cup
Stelgidopteryx_ruficollis,cavity
Stelgidopteryx_serripennis,cavity
Stenostira_scita,cup
Stephanophorus_diadematus,cup
Sterrhoptilus_dennistouni,cup
Stigmatura_budytoides,cup
Stiphrornis_erythrothorax,cup
Stipiturus_malachurus,dome
Stipiturus_mallee,dome
Stipiturus_ruficeps,dome
Neocossyphus_fraseri,cavity
Strepera_graculina,cup
Streptocitta_albicollis,cavity
Garrulax_lineatus,cup
Struthidea_cinerea,cup
Sturnella_bellicosa,cup or dome
Sturnella_loyca,dome
Sturnella_magna,dome
Sturnella_militaris,cup
Sturnella_neglecta,dome
Sturnella_superciliaris,cup
Sturnia_erythropygia,cavity
Sturnia_malabarica,cavity
Temenuchus_pagodarum,cavity
Sturnia_sinensis,cavity
Sturnia_albofrontata,cavity
Sturnus_unicolor,cavity
Sturnus_vulgaris,cavity
Sublegatus_arenarum,cup
Sublegatus_modestus,cup
Sublegatus_obscurior,cup
Sugomel_niger,cup
Suiriri_suiriri,cup
Swynnertonia_swynnertoni,cavity or cup
Sylvia_atricapilla,cup
Sylvia_balearica,cup
Parisoma_boehmi,cup
Sylvia_borin,cup
Sylvia_buryi,cup
Sylvia_cantillans,cup
Sylvia_communis,cup
Sylvia_conspicillata,cup
Sylvia_curruca,cup
Sylvia_deserticola,cup
Sylvia_hortensis,cup
Parisoma_layardi,cup
Sylvia_leucomelaena,cup
Parisoma_lugens,cup
Sylvia_melanocephala,cup
Sylvia_melanothorax,cup
Sylvia_mystacea,cup
Sylvia_nana,cup
Sylvia_nisoria,cup
Sylvia_rueppelli,cup
Sylvia_sarda,cup
Parisoma_subcaeruleum,cup
Sylvia_undata,cup
Sylvietta_brachyura,cavity
Sylvietta_denti,cup
Sylvietta_leucophrys,cup
Sylvietta_rufescens,cavity
Sylvietta_virens,cup
Sylvietta_whytii,cavity
Sylviorthorhynchus_desmursii,dome
Sylviparus_modestus,cavity
Synallaxis_albescens,dome
Synallaxis_azarae,dome
Synallaxis_candei,dome
Synallaxis_cinerascens,dome
Synallaxis_cinnamomea,dome
Synallaxis_erythrothorax,dome
Synallaxis_frontalis,dome
Synallaxis_ruficapilla,dome
Synallaxis_rutilans,dome
Synallaxis_scutata,dome
Synallaxis_spixi,dome
Synallaxis_stictothorax,dome
Syndactyla_rufosuperciliata,cavity
Tachuris_rubrigastra,cup
Tachycineta_albilinea,cavity
Tachycineta_albiventer,cavity
Tachycineta_bicolor,cavity
Tachycineta_cyaneoviridis,cavity
Tachycineta_euchrysea,cavity
Tachycineta_leucorrhoa,cavity
Tachycineta_meyeni,cavity
Tachycineta_stolzmanni,cavity
Tachycineta_thalassina,cavity
Tachyphonus_coronatus,cup
Tachyphonus_cristatus,cup
Tachyphonus_delatrii,cup
Tachyphonus_luctuosus,cup
Tachyphonus_phoenicius,cup
Tachyphonus_rufus,cup
Tachyphonus_surinamus,cup
Taeniopygia_bichenovii,dome
Taeniopygia_castanotis,dome
Tangara_arthus,cup
Tangara_cayana,cup
Tangara_chilensis,cup
Tangara_cucullata,cup
Tangara_cyanicollis,cup
Tangara_cyanocephala,cup
Tangara_desmaresti,cup
Tangara_dowii,cup
Tangara_florida,cup
Tangara_fucosa,dome
Tangara_guttata,cup
Tangara_gyrola,cup
Tangara_icterocephala,cup
Tangara_inornata,cup
Tangara_johannae,cup
Tangara_larvata,cup
Tangara_lavinia,cup
Tangara_nigrocincta,cup
Tangara_nigroviridis,cup
Tangara_palmeri,cup
Tangara_parzudakii,cup
Tangara_ruficervix,cup
Tangara_rufigula,cup
Tangara_schrankii,cup
Tangara_seledon,cup
Tangara_vassorii,cup
Tangara_vitriolina,cup
Tangara_xanthocephala,cup
Taraba_major,cup
Tarsiger_chrysaeus,cavity
Tarsiger_cyanurus,cavity
Tarsiger_indicus,cavity
Tarsiger_johnstoniae,cup
Tchagra_australis,cup
Tchagra_minutus,cup
Tchagra_senegalus,cup
Teledromas_fuscus,cavity
Telespiza_cantans,cup
Telespiza_ultima,cup
Rhodophoneus_cruentus,cup
Telophorus_zeylonus,cup
Temnurus_temnurus,cup
Tephrodornis_pondicerianus,cup
Tephrodornis_gularis,cup
Terenotriccus_erythrurus,dome
Teretistris_fernandinae,cup
Terpsiphone_cinnamomea,cup
Terpsiphone_paradisi,cup
Terpsiphone_viridis,cup
Tersina_viridis,cup
Thamnistes_anabatinus,cup
Thamnolaea_cinnamomeiventris,cavity or dome
Thamnolaea_semirufa,cavity
Thamnomanes_caesius,cup
Thamnomanes_saturninus,cup
Thamnomanes_schistogynus,cup
Thamnophilus_aethiops,cup
Thamnophilus_amazonicus,cup
Thamnophilus_ambiguus,cup
Thamnophilus_atrinucha,cup
Thamnophilus_bridgesi,cup
Thamnophilus_caerulescens,cup
Thamnophilus_doliatus,cup
Thamnophilus_murinus,cup
Thamnophilus_nigrocinereus,cup
Thamnophilus_palliatus,cup
Thamnophilus_pelzelni,cup
Thamnophilus_punctatus,cup
Thamnophilus_ruficapillus,cup
Thamnophilus_schistaceus,cup
Thamnophilus_torquatus,cup
Thamnophilus_unicolor,cup
Thamnornis_chloropetoides,cup
Thescelocichla_leucopleura,cup
Thraupis_abbas,cup
Thraupis_bonariensis,cup
Thraupis_cyanocephala,cup
Thraupis_episcopus,cup
Thraupis_ornata,cup
Thraupis_palmarum,cup
Thraupis_sayaca,cup
Thripadectes_flammulatus,cavity
Thripadectes_ignobilis,cavity
Thripadectes_rufobrunneus,cavity
Thripophaga_fusciceps,dome
Thryomanes_bewickii,cavity
Pheugopedius_fasciatoventris,dome
Pheugopedius_felix,cup
Pheugopedius_genibarbis,dome
Cantorchilus_guarayanus,dome
Cantorchilus_leucopogon,dome
Cantorchilus_leucotis,dome
Cantorchilus_longirostris,dome
Thryothorus_ludovicianus,dome
Pheugopedius_maculipectus,dome
Cantorchilus_modestus,dome
Pheugopedius_mystacalis,dome
Cantorchilus_nigricapillus,dome
Thryophilus_pleurostictus,dome
Thryophilus_rufalbus,dome
Pheugopedius_rutilus,dome
Pheugopedius_sclateri,dome
Cantorchilus_semibadius,dome
Thryophilus_sinaloa,dome
Cantorchilus_superciliaris,dome
Cantorchilus_thoracicus,dome
Tiaris_bicolor,dome
Tiaris_canorus,cup
Tiaris_fuliginosus,dome
Tiaris_obscurus,dome
Tiaris_olivaceus,dome
Tichodroma_muraria,cavity
Tickellia_hodgsoni,dome
Timalia_pileata,cup or dome
Timeliopsis_fulvigula,cup
Tityra_cayana,cavity
Tityra_inquisitor,cavity
Tityra_semifasciata,cavity
Todirostrum_cinereum,dome
Todirostrum_maculatum,dome
Todirostrum_pictum,dome
Tolmomyias_assimilis,dome
Tolmomyias_flaviventris,dome
Tolmomyias_poliocephalus,dome
Tolmomyias_sulphurescens,dome
Toxorhamphus_poliopterus,cup
Toxostoma_bendirei,cup
Toxostoma_cinereum,cup
Toxostoma_crissale,cup
Toxostoma_curvirostre,cup
Toxostoma_lecontei,cup
Toxostoma_longirostre,cup
Toxostoma_ocellatum,cup
Toxostoma_redivivum,cup
Toxostoma_rufum,cup
Tregellasia_capito,cup
Tregellasia_leucops,cup
Trichastoma_bicolor,cup
Trichodere_cockerelli,cup
Trichothraupis_melanops,cup
Garrulax_affinis,cup
Garrulax_elliotii,cup
Garrulax_erythrocephalus,cup
Garrulax_milnei,cup
Garrulax_morrisonianus,cup
Garrulax_squamatus,cup
Garrulax_subunicolor,cup
Garrulax_variegatus,cup
Trochocercus_cyanomelas,cup
Trochocercus_nitens,cup
Troglodytes_aedon,cavity
Thryorchilus_browni,cavity
Troglodytes_brunneicollis,cavity
Troglodytes_musculus,cavity
Troglodytes_ochraceus,cavity
Troglodytes_rufociliatus,cavity
Troglodytes_sissonii,dome
Troglodytes_solstitialis,cavity
Troglodytes_troglodytes,cavity or dome
Turdinus_macrodactylus,cup
Turdoides_bicolor,cup
Turdoides_jardineii,cavity or cup
Turdoides_plebejus,cup
Turdoides_rubiginosa,cup
Turdus_albicollis,cavity or cup
Turdus_albocinctus,cup
Turdus_amaurochalinus,cup
Turdus_aurantius,cup
Turdus_bewsheri,cup
Turdus_boulboul,cup
Turdus_cardis,cup
Turdus_celaenops,cup
Turdus_chiguanco,cup
Turdus_chrysolaus,cup
Turdus_dissimilis,cup
Turdus_falcklandii,cup
Turdus_feae,cup
Turdus_flavipes,cup
Turdus_fumigatus,cup
Turdus_fuscater,cup
Turdus_grayi,cavity or cup
Turdus_hauxwelli,cup
Turdus_helleri,cup
Turdus_hortulorum,cavity or cup
Turdus_ignobilis,cup
Turdus_iliacus,cup
Turdus_infuscatus,cup
Turdus_jamaicensis,cup
Turdus_kessleri,cup
Turdus_lawrencii,cup
Turdus_leucomelas,cup
Turdus_leucops,cup
Turdus_libonyanus,cup
Turdus_maculirostris,cup
Turdus_maximus,cup
Turdus_menachensis,cup
Turdus_merula,cup
Turdus_migratorius,cup
Turdus_mupinensis,cup
Turdus_nigrescens,cup
Turdus_nigriceps,cup
Turdus_nudigenis,cup
Turdus_obscurus,cup
Turdus_obsoletus,cup
Turdus_olivaceofuscus,cup
Turdus_olivaceus,cup
Turdus_olivater,cup
Turdus_pallidus,cup
Turdus_pelios,cup
Turdus_philomelos,cup
Turdus_pilaris,cup
Turdus_plebejus,cup
Turdus_plumbeus,cup
Turdus_poliocephalus,cup
Turdus_reevei,cup
Turdus_rubrocanus,cup
Turdus_ruficollis,cup
Turdus_rufiventris,cup
Turdus_rufopalliatus,cup
Turdus_serranus,cup
Turdus_simillimus,cup
Turdus_swalesi,cup
Turdus_tephronotus,cup
Turdus_torquatus,cup
Turdus_unicolor,cavity or cup
Turdus_viscivorus,cup
Tyranneutes_stolzmanni,cup
Tyrannopsis_sulphurea,cup
Tyrannulus_elatus,cup
Tyrannus_vociferans,cup
Tyrannus_caudifasciatus,cup
Tyrannus_couchii,cup
Tyrannus_crassirostris,cup
Tyrannus_dominicensis,cup
Tyrannus_forficatus,cup
Tyrannus_melancholicus,cup
Tyrannus_savana,cup
Tyrannus_tyrannus,cavity
Tyrannus_verticalis,cup
Upucerthia_albigula,cavity
Ochetorhynchus_andaecola,cavity
Tarphonomus_certhioides,cavity or cup
Upucerthia_dumetaria,cavity
Upucerthia_jelskii,cavity
Ochetorhynchus_ruficaudus,cavity
Geocerthia_serrana,cavity
Upucerthia_validirostris,cavity
Uraeginthus_angolensis,dome
Uraeginthus_bengalus,dome
Uraeginthus_cyanocephalus,dome
Uragus_sibiricus,cup
Urocissa_erythrorhyncha,cup
Uropsila_leucogastra,cavity
Urosphena_squameiceps,cup
Vanga_curvirostris,cup
Oreothlypis_celata,cup
Vermivora_chrysoptera,cup
Oreothlypis_crissalis,cup
Vermivora_cyanoptera,cup
Oreothlypis_luciae,cavity
Oreothlypis_peregrina,cup
Oreothlypis_ruficapilla,cup
Oreothlypis_virginiae,cup
Vidua_camerunensis,brood parasite
Vidua_chalybeata,brood parasite
Vidua_fischeri,brood parasite
Vidua_hypocherina,brood parasite
Vidua_interjecta,brood parasite
Vidua_macroura,brood parasite
Vidua_obtusa,brood parasite
Vidua_orientalis,brood parasite
Vidua_paradisaea,brood parasite
Vidua_purpurascens,brood parasite
Vidua_raricola,brood parasite
Vidua_regia,brood parasite
Vidua_wilsoni,brood parasite
Vireo_altiloquus,cup
Vireo_atricapilla,cup
Vireo_bellii,cup
Vireo_cassinii,cup
Vireo_flavifrons,cup
Vireo_flavoviridis,cup
Vireo_gilvus,cup
Vireo_griseus,cup
Vireo_huttoni,cup
Vireo_latimeri,cup
Vireo_leucophrys,cup
Vireo_olivaceus,cup
Vireo_philadelphicus,cup
Vireo_plumbeus,cup
Vireo_solitarius,cup
Vireo_vicinior,cup
Volatinia_jacarina,cup
Wetmorethraupis_sterrhopteron,cup
Cardellina_canadensis,cup
Setophaga_citrina,cup
Cardellina_pusilla,cup
Woodfordia_superciliosa,cup
Xanthocephalus_xanthocephalus,cup
Xanthomixis_cinereiceps,cup
Xanthomixis_zosterops,cup
Xanthopsar_flavus,cup
Xanthotis_flaviventer,cup
Xenerpestes_singularis,dome
Xenodacnis_parina,cup
Xenoligea_montana,cup
Xenopirostris_xenopirostris,cup
Xenops_minutus,cavity
Xenops_rutilans,cavity
Xenopsaris_albinucha,cup
Xenospiza_baileyi,cup
Xiphirhynchus_superciliaris,dome
Xiphocolaptes_albicollis,cavity
Xiphocolaptes_major,cavity
Dendrocolaptes_sanctithomae,cavity
Xipholena_atropurpurea,cup
Xiphorhynchus_elegans,cavity
Xiphorhynchus_erythropygius,cavity
Xiphorhynchus_flavigaster,cavity
Xiphorhynchus_fuscus,cavity
Xiphorhynchus_guttatus,cavity
Xiphorhynchus_lachrymosus,cavity
Xiphorhynchus_obsoletus,cavity
Dendroplex_picus,cavity
Xiphorhynchus_spixii,cavity
Xiphorhynchus_susurrans,cavity
Xolmis_cinereus,cup
Xolmis_coronatus,cup
Xolmis_irupero,cup
Xolmis_pyrope,cup
Xolmis_rubetra,cup
Yuhina_bakeri,cup or dome
Yuhina_brunneiceps,cup
Yuhina_diademata,cup
Yuhina_flavicollis,cup
Yuhina_gularis,dome
Yuhina_nigrimenta,cup
Yuhina_occipitalis,cup
Zaratornis_stresemanni,cup
Zavattariornis_stresemanni,dome
Zeledonia_coronata,dome
Zimmerius_chrysops,dome
Zimmerius_gracilipes,dome
Zimmerius_vilissimus,dome
Zonotrichia_albicollis,cup
Zonotrichia_atricapilla,cup
Zonotrichia_capensis,cup
Zonotrichia_leucophrys,cup
Zonotrichia_querula,cup
Zoothera_andromedae,cup
Zoothera_camaronensis,cup
Zoothera_citrina,cup
Zoothera_dauma,cup
Zoothera_dixoni,cup
Zoothera_gurneyi,cup
Zoothera_guttata,cup
Zoothera_heinei,cup
Zoothera_interpres,cup
Zoothera_lunulata,cup
Zoothera_marginata,cup
Zoothera_mollissima,cup
Zoothera_monticola,cup
Zoothera_oberlaenderi,cup
Zoothera_piaggiae,cup
Zoothera_princei,cup
Zoothera_sibirica,cup
Zoothera_spiloptera,cup
Zoothera_talaseae,cup
Zoothera_wardii,cup
Zosterops_abyssinicus,cup
Zosterops_atrifrons,cup
Zosterops_borbonicus,cup
Zosterops_chloris,cup
Zosterops_cinereus,cup
Zosterops_citrinella,cup
Zosterops_flavifrons,cup
Zosterops_fuscicapilla,cup
Zosterops_griseotinctus,cup
Zosterops_japonicus,cup
Zosterops_luteus,cup
Zosterops_maderaspatanus,cup
Zosterops_metcalfii,cup
Zosterops_modestus,cup
Zosterops_mouroniensis,cup
Zosterops_murphyi,cup
Zosterops_pallidus,cup
Zosterops_palpebrosus,cup
Zosterops_poliogastrus,cup
Zosterops_rennellianus,cup
Zosterops_senegalensis,cup
Zosterornis_latistriatus,cup
Strigops_habroptila,cavity